,Age,Gender,Country,self_employed,family_history,treatment,work_interfere,no_employees,remote_work,tech_company,benefits,care_options,wellness_program,seek_help,anonymity,leave,mental_health_consequence,phys_health_consequence,coworkers,supervisor,mental_health_interview,phys_health_interview,mental_vs_physical,obs_consequence
2,32,Male,Canada,,No,No,Rarely,6-25,No,Yes,No,No,No,No,Don't know,Somewhat difficult,No,No,Yes,Yes,Yes,Yes,No,No
3,31,Male,United Kingdom,,Yes,Yes,Often,26-100,No,Yes,No,Yes,No,No,No,Somewhat difficult,Yes,Yes,Some of them,No,Maybe,Maybe,No,Yes
7,39,M,Canada,,No,No,Never,1-5,Yes,Yes,No,Yes,No,No,Yes,Don't know,No,No,No,No,No,No,No,No
9,23,Male,Canada,,No,No,Never,26-100,No,Yes,Don't know,No,Don't know,Don't know,Don't know,Don't know,No,No,Yes,Yes,Maybe,Maybe,Yes,No
11,29,male,Bulgaria,,No,No,Never,100-500,Yes,Yes,Don't know,Not sure,No,No,Don't know,Don't know,No,No,Yes,Yes,Yes,Yes,Don't know,No
14,27,Male,Canada,,No,No,Never,6-25,No,Yes,Don't know,Not sure,Don't know,Don't know,Don't know,Somewhat easy,No,No,Some of them,Some of them,Maybe,Yes,Yes,No
16,23,Male,United Kingdom,,No,Yes,Sometimes,26-100,Yes,Yes,Don't know,No,Don't know,Don't know,Don't know,Very easy,Maybe,No,Some of them,No,Maybe,Maybe,No,No
19,36,Male,France,Yes,Yes,No,,6-25,Yes,Yes,No,No,Yes,No,Yes,Somewhat easy,No,No,Some of them,Some of them,Maybe,Maybe,Don't know,No
29,37,Male,United Kingdom,No,No,No,Sometimes,6-25,No,Yes,No,No,No,No,Don't know,Very difficult,Yes,Maybe,Some of them,No,No,Maybe,No,No
30,32,Male,United Kingdom,No,No,No,Never,6-25,Yes,Yes,No,No,No,No,Don't know,Don't know,Yes,Yes,Some of them,Some of them,No,Maybe,No,No
32,30,male,United Kingdom,No,Yes,Yes,Sometimes,500-1000,Yes,Yes,Don't know,No,No,No,Yes,Somewhat easy,Maybe,No,Some of them,Yes,No,Yes,Don't know,No
36,29,Male,Canada,No,No,No,Rarely,1-5,No,Yes,No,No,No,No,Don't know,Very easy,Yes,Maybe,Some of them,No,No,No,Don't know,No
37,38,Male,Portugal,No,No,No,,100-500,No,Yes,No,Yes,No,No,Don't know,Somewhat easy,Maybe,No,Some of them,Some of them,No,Maybe,No,No
40,24,Male,United Kingdom,No,No,Yes,Sometimes,6-25,No,Yes,No,No,No,No,Don't know,Don't know,Maybe,Maybe,Some of them,No,No,Yes,No,Yes
42,27,Male,Canada,No,Yes,Yes,Sometimes,1-5,No,Yes,No,Yes,No,No,Yes,Very difficult,Maybe,No,Some of them,No,No,No,Yes,No
43,18,Male,Netherlands,No,No,No,Often,6-25,No,Yes,No,Not sure,No,No,Don't know,Somewhat difficult,Yes,Maybe,No,Some of them,No,No,No,No
46,28,Male,United Kingdom,No,No,No,,26-100,No,Yes,Don't know,Not sure,No,No,Don't know,Don't know,No,Maybe,Some of them,Yes,Maybe,Yes,Don't know,No
48,26,m,Canada,Yes,No,No,Sometimes,1-5,No,Yes,No,Yes,Yes,No,Don't know,Don't know,No,No,Yes,Yes,No,No,Yes,No
54,28,M,Switzerland,No,No,No,,100-500,No,Yes,No,No,No,No,Don't know,Don't know,No,No,No,No,No,Maybe,Don't know,No
59,33,male,Canada,No,Yes,Yes,Often,6-25,Yes,Yes,Don't know,No,No,No,No,Somewhat difficult,Yes,No,No,No,No,Maybe,Don't know,No
61,26,Female,Poland,No,No,Yes,Sometimes,26-100,Yes,Yes,Don't know,Not sure,Yes,Yes,Yes,Very easy,No,No,Yes,Yes,Maybe,Yes,Yes,No
62,27,Male,United Kingdom,No,No,No,Never,100-500,No,Yes,Yes,Not sure,No,Yes,Don't know,Somewhat easy,No,No,Yes,Yes,Maybe,Maybe,Yes,No
63,26,Male,France,No,No,No,,26-100,No,Yes,No,No,No,No,Don't know,Very easy,Yes,No,No,No,No,No,No,Yes
64,35,male,Canada,No,No,No,Sometimes,6-25,No,Yes,Don't know,No,No,No,Don't know,Somewhat easy,No,No,Some of them,Yes,No,Maybe,Don't know,No
66,23,Female,Australia,No,Yes,Yes,Often,1-5,Yes,Yes,No,Not sure,No,No,Don't know,Very easy,No,No,Some of them,Yes,No,Maybe,Yes,No
70,28,m,France,No,No,No,Never,26-100,No,Yes,No,No,No,No,Don't know,Don't know,Maybe,No,Some of them,Some of them,No,No,Don't know,No
71,34,male,Canada,No,No,No,Never,6-25,No,Yes,Don't know,Not sure,Don't know,Don't know,Don't know,Somewhat easy,No,No,Some of them,Yes,No,No,Don't know,No
73,38,Male,United Kingdom,No,No,No,,26-100,No,Yes,No,No,No,Don't know,Yes,Somewhat easy,No,No,Some of them,Yes,Maybe,Yes,Yes,No
75,19,Male,United Kingdom,No,No,No,,1-5,No,Yes,No,Yes,No,No,No,Somewhat difficult,Yes,No,No,No,No,Maybe,No,No
79,28,m,Germany,No,No,No,Never,6-25,Yes,Yes,Don't know,No,Don't know,Don't know,Don't know,Very easy,No,No,Some of them,Some of them,Maybe,Yes,Yes,No
81,23,Male,United Kingdom,No,No,No,Never,26-100,No,Yes,Yes,Not sure,Yes,Don't know,Don't know,Very easy,No,No,Some of them,Yes,Maybe,Maybe,Yes,No
82,30,male,Canada,No,No,No,Never,26-100,No,No,No,No,No,No,Don't know,Don't know,No,No,Some of them,Yes,No,No,No,No
86,39,Male,United Kingdom,Yes,No,Yes,Often,6-25,No,Yes,No,No,No,No,Don't know,Very difficult,Maybe,No,Some of them,No,No,Maybe,No,Yes
93,18,something kinda male?,Russia,No,No,No,,26-100,Yes,Yes,Yes,Yes,No,No,Yes,Somewhat easy,No,No,Yes,Yes,Yes,Yes,Don't know,No
94,25,F,Canada,No,No,Yes,Sometimes,26-100,No,Yes,Yes,Yes,No,Don't know,Don't know,Don't know,Maybe,No,Some of them,Yes,No,Maybe,Don't know,No
97,31,male,Mexico,No,Yes,Yes,Sometimes,6-25,No,Yes,Don't know,No,No,No,Don't know,Don't know,No,No,Some of them,Yes,Maybe,Yes,No,No
100,26,female,Canada,No,Yes,Yes,Sometimes,26-100,No,No,No,Yes,No,No,No,Very difficult,Yes,No,No,No,No,Maybe,No,Yes
107,28,Male,Brazil,No,Yes,Yes,Rarely,6-25,No,Yes,No,No,No,No,No,Don't know,Maybe,No,Yes,Yes,No,No,Don't know,Yes
115,26,Male,United Kingdom,No,No,No,Never,6-25,No,Yes,Don't know,No,No,Don't know,Don't know,Very easy,No,No,Some of them,Some of them,No,No,Don't know,Yes
116,21,Male,United Kingdom,Yes,No,No,Often,1-5,Yes,No,No,Yes,No,No,Yes,Very difficult,Yes,No,Some of them,Yes,No,Maybe,No,No
117,27,Male,Canada,No,No,No,Rarely,6-25,No,No,Yes,Yes,Yes,Yes,Yes,Very easy,Maybe,No,Some of them,Yes,No,No,Don't know,No
124,27,Male,Canada,No,No,Yes,Never,100-500,No,No,Yes,Not sure,No,No,Don't know,Very difficult,Maybe,No,Some of them,Yes,No,Maybe,No,Yes
126,27,Male,United Kingdom,No,No,No,,6-25,No,Yes,No,No,No,No,Don't know,Don't know,No,No,Some of them,Some of them,No,No,Don't know,No
128,31,Male,United Kingdom,No,Yes,No,Sometimes,6-25,No,Yes,No,No,No,No,Don't know,Somewhat easy,Maybe,Maybe,No,No,No,No,Yes,No
129,19,male,Slovenia,No,No,Yes,Sometimes,6-25,No,Yes,Don't know,No,No,No,Don't know,Somewhat easy,Yes,Yes,Some of them,No,No,No,Don't know,No
133,38,Male,Costa Rica,No,No,No,,26-100,Yes,Yes,No,Yes,No,No,Yes,Somewhat easy,No,No,Yes,Yes,Maybe,Yes,No,No
134,24,Male,Canada,No,No,Yes,Never,26-100,No,Yes,Don't know,No,No,No,Don't know,Don't know,No,No,Some of them,Yes,Maybe,Yes,Don't know,No
135,39,M,United Kingdom,No,No,No,Never,26-100,No,No,No,No,No,No,Don't know,Don't know,Yes,Maybe,No,No,No,No,Don't know,No
136,28,Male,United Kingdom,No,No,No,Never,6-25,No,Yes,Don't know,No,No,No,Yes,Very easy,No,No,Some of them,Yes,Maybe,Maybe,Yes,No
139,22,m,Austria,No,No,No,,6-25,Yes,Yes,Don't know,No,Don't know,No,Don't know,Somewhat easy,No,No,Some of them,Some of them,No,No,Don't know,No
141,37,Male,United Kingdom,Yes,No,Yes,Sometimes,More than 1000,No,No,No,Yes,Yes,Yes,Yes,Very difficult,Yes,Yes,Some of them,No,No,Maybe,Yes,No
146,24,M,United Kingdom,No,No,No,Never,6-25,No,Yes,No,No,No,No,Yes,Don't know,Maybe,Maybe,No,Some of them,No,No,Don't know,No
148,30,male,Ireland,No,No,Yes,Rarely,100-500,No,Yes,No,Yes,Yes,Yes,Don't know,Somewhat easy,Yes,No,Some of them,No,No,No,No,Yes
150,19,Male,Canada,Yes,Yes,No,,1-5,Yes,Yes,Don't know,Not sure,No,Yes,Yes,Somewhat easy,Maybe,No,Some of them,Some of them,Maybe,Maybe,Don't know,No
152,28,male,Poland,No,No,No,Rarely,6-25,Yes,Yes,No,No,No,No,Don't know,Don't know,No,No,Yes,Yes,Maybe,Yes,Yes,No
154,37,Male,United Kingdom,No,Yes,Yes,Rarely,More than 1000,No,No,Yes,Yes,Yes,Yes,Yes,Somewhat difficult,Yes,Maybe,Some of them,No,No,Yes,No,Yes
160,36,Male,United Kingdom,No,No,Yes,Sometimes,More than 1000,No,No,Yes,Yes,Yes,Yes,Yes,Somewhat easy,Maybe,Maybe,Some of them,Some of them,No,Maybe,Don't know,Yes
165,27,Woman,United Kingdom,Yes,Yes,No,,1-5,Yes,Yes,No,Yes,No,No,Yes,Somewhat easy,No,No,Yes,Yes,No,Maybe,Yes,No
168,23,male,Ireland,Yes,Yes,No,Sometimes,1-5,No,Yes,No,No,No,No,Don't know,Very difficult,Yes,No,No,No,No,Maybe,No,No
169,24,Male,United Kingdom,No,No,No,Rarely,100-500,No,Yes,Don't know,Not sure,Yes,Don't know,Don't know,Very easy,Maybe,Maybe,Some of them,Some of them,No,Maybe,Don't know,No
170,26,Male,United Kingdom,No,No,Yes,Sometimes,More than 1000,No,Yes,Yes,Yes,Don't know,Don't know,Yes,Somewhat easy,No,No,Yes,Yes,No,No,Don't know,No
171,31,Male,United Kingdom,Yes,No,Yes,Often,6-25,No,Yes,Don't know,No,No,No,Don't know,Don't know,Maybe,No,Some of them,Yes,No,Maybe,Don't know,No
172,22,M,India,No,No,Yes,Never,More than 1000,No,Yes,Don't know,Not sure,No,No,Don't know,Very difficult,Yes,Maybe,No,No,Maybe,Maybe,No,No
174,34,Female,Canada,No,Yes,Yes,Sometimes,More than 1000,No,No,Yes,Yes,Yes,No,Don't know,Somewhat easy,No,No,Some of them,Yes,No,No,No,No
176,28,Male,United Kingdom,No,No,No,,100-500,No,No,No,Not sure,No,Yes,Yes,Somewhat easy,No,No,Some of them,Some of them,Maybe,Maybe,Yes,No
180,29,male,Mexico,No,No,No,Never,6-25,Yes,Yes,No,No,No,No,No,Don't know,Maybe,Maybe,No,Yes,Maybe,Yes,No,No
181,26,f,India,Yes,No,No,Sometimes,6-25,No,No,No,No,No,No,Don't know,Somewhat easy,Maybe,Maybe,Some of them,Some of them,No,No,Don't know,No
182,28,Female,United Kingdom,No,No,No,Never,26-100,No,Yes,Don't know,No,No,Don't know,Yes,Somewhat easy,No,No,Yes,Yes,Maybe,Maybe,Don't know,No
186,24,Male,United Kingdom,No,No,No,Sometimes,6-25,No,Yes,Don't know,No,No,Don't know,Don't know,Somewhat easy,Maybe,No,Some of them,Yes,Maybe,Yes,Yes,No
187,26,Male,France,No,No,No,,6-25,Yes,Yes,No,Yes,No,No,Don't know,Somewhat easy,No,No,Some of them,No,No,Maybe,Yes,No
188,23,male,United Kingdom,No,Yes,No,,1-5,Yes,Yes,Don't know,No,No,No,Don't know,Don't know,No,No,Some of them,Yes,Maybe,Yes,Don't know,No
190,38,Female,South Africa,Yes,Yes,Yes,Often,1-5,Yes,Yes,No,Yes,No,No,Yes,Somewhat easy,Maybe,Maybe,Some of them,Some of them,No,Maybe,Don't know,Yes
192,28,Male,Russia,No,No,No,Sometimes,26-100,No,Yes,No,No,No,No,Don't know,Don't know,Yes,Maybe,No,No,No,Maybe,Don't know,No
194,32,female,Germany,No,No,No,Sometimes,100-500,No,Yes,No,No,No,No,Don't know,Very difficult,Yes,Yes,Some of them,No,No,No,No,Yes
195,31,Mal,Italy,Yes,Yes,No,Never,6-25,No,Yes,No,No,No,No,Don't know,Somewhat easy,Maybe,Maybe,Some of them,Some of them,No,Maybe,Don't know,No
199,28,Male,United Kingdom,No,Yes,Yes,Sometimes,More than 1000,No,Yes,Don't know,No,No,No,Don't know,Don't know,Maybe,Maybe,Some of them,No,No,Maybe,Don't know,No
203,37,Male,Ireland,No,No,No,Sometimes,1-5,No,Yes,No,Yes,No,No,Don't know,Very difficult,Yes,No,No,No,No,Yes,Don't know,No
204,34,male,Austria,No,Yes,No,,100-500,Yes,Yes,Don't know,No,Don't know,Don't know,Don't know,Very easy,No,No,Yes,Yes,No,No,Yes,No
205,32,Male,United Kingdom,No,Yes,Yes,Sometimes,100-500,Yes,Yes,Don't know,Not sure,No,No,Don't know,Somewhat difficult,Yes,Maybe,No,No,No,No,No,Yes
206,21,Male,Canada,No,No,Yes,Sometimes,6-25,Yes,Yes,No,Yes,No,No,Don't know,Somewhat difficult,No,No,Some of them,Some of them,Maybe,Maybe,Yes,No
209,26,male,Bulgaria,No,No,No,,100-500,No,Yes,No,No,No,No,No,Very easy,Yes,Maybe,No,No,No,Maybe,Don't know,No
211,37,Male,United Kingdom,No,Yes,No,Sometimes,26-100,No,No,No,No,No,No,Don't know,Don't know,Yes,Maybe,Some of them,Yes,No,Maybe,Don't know,No
212,26,Male,United Kingdom,Yes,No,Yes,Often,1-5,Yes,Yes,No,No,No,No,Don't know,Don't know,Yes,No,No,No,No,Maybe,Don't know,No
216,30,Male,Germany,Yes,No,Yes,Often,6-25,Yes,Yes,Yes,Yes,No,No,Yes,Very difficult,No,No,Some of them,Yes,Maybe,Yes,Yes,No
217,31,M,Canada,Yes,No,No,,6-25,No,Yes,Yes,Yes,No,Don't know,Yes,Very easy,No,No,Some of them,Some of them,No,No,Yes,No
221,33,Male,United Kingdom,No,No,No,,26-100,No,Yes,Don't know,No,No,No,Don't know,Don't know,No,No,Yes,Yes,Yes,Yes,Don't know,No
227,34,Male,Australia,Yes,No,No,Sometimes,1-5,Yes,Yes,Don't know,Not sure,Yes,Yes,Don't know,Somewhat difficult,Yes,Yes,No,No,No,Maybe,Yes,No
229,26,male,United Kingdom,Yes,No,Yes,Sometimes,1-5,No,Yes,No,Yes,No,No,Don't know,Don't know,Maybe,No,Some of them,Some of them,No,Maybe,Yes,No
232,38,Male,United Kingdom,No,No,Yes,Sometimes,More than 1000,No,No,Don't know,Not sure,Don't know,Don't know,Don't know,Very difficult,Yes,No,No,No,No,Maybe,No,No
234,30,male,Netherlands,No,No,No,,26-100,No,Yes,Don't know,No,Don't know,Don't know,Yes,Somewhat easy,No,No,Some of them,Some of them,No,No,Yes,No
235,25,Male,United Kingdom,No,No,No,Never,26-100,No,Yes,No,No,No,No,Don't know,Somewhat difficult,Yes,Maybe,No,No,No,Maybe,No,No
236,37,Male,Canada,No,Yes,Yes,Often,26-100,No,Yes,Yes,Yes,No,Don't know,Don't know,Don't know,Maybe,No,Some of them,Some of them,No,Yes,Don't know,No
237,34,Male,United Kingdom,No,Yes,No,,6-25,No,Yes,No,No,No,No,Yes,Somewhat difficult,No,No,Some of them,Yes,No,Yes,No,Yes
239,28,Female,Canada,No,Yes,Yes,Sometimes,6-25,No,No,Yes,Yes,Yes,Yes,Yes,Don't know,No,No,Some of them,Yes,No,No,No,Yes
240,22,Male,Sweden,No,No,No,,6-25,No,Yes,Don't know,No,No,No,Don't know,Don't know,No,No,Some of them,Yes,Maybe,Maybe,No,No
243,25,Male,South Africa,No,No,No,,6-25,No,Yes,No,No,No,No,Yes,Somewhat difficult,Maybe,No,Some of them,Yes,No,Yes,No,No
247,29,Male,United Kingdom,No,No,No,,6-25,No,No,No,No,No,No,Yes,Very easy,No,No,Yes,Yes,Maybe,Yes,Yes,No
253,27,Male,United Kingdom,No,No,No,,100-500,No,No,Don't know,Not sure,Don't know,Don't know,No,Very easy,Maybe,Maybe,Yes,Yes,No,No,Don't know,No
255,29,Male,Canada,No,No,No,Often,6-25,No,Yes,No,No,No,No,Don't know,Somewhat difficult,Yes,No,No,No,No,Maybe,Don't know,No
256,23,Female,United Kingdom,No,No,Yes,Sometimes,6-25,No,Yes,Don't know,Not sure,Don't know,Don't know,Don't know,Don't know,Maybe,Maybe,Some of them,Some of them,No,Maybe,Yes,No
258,24,Male,United Kingdom,No,No,No,,1-5,No,Yes,No,No,No,No,Don't know,Don't know,Yes,No,Some of them,Some of them,No,Yes,No,No
259,25,Male,Australia,No,Yes,Yes,Often,6-25,No,Yes,No,Yes,No,No,No,Very difficult,Yes,Maybe,No,No,No,Yes,No,Yes
261,27,Male,Canada,No,No,No,Sometimes,6-25,Yes,Yes,No,Yes,No,No,No,Very difficult,Yes,Yes,Some of them,Some of them,No,Maybe,No,No
263,29,male,Poland,No,Yes,Yes,Rarely,6-25,No,Yes,No,Yes,No,No,Yes,Very difficult,Maybe,No,Some of them,Some of them,No,Yes,No,No
264,43,Male,Canada,Yes,No,No,,6-25,Yes,Yes,No,Not sure,No,No,Don't know,Somewhat easy,Maybe,No,Yes,Yes,Yes,Yes,Don't know,No
267,32,Male,United Kingdom,Yes,Yes,Yes,Sometimes,1-5,Yes,Yes,Don't know,Not sure,Don't know,Don't know,Don't know,Very easy,Maybe,Maybe,Yes,Some of them,Maybe,Maybe,Don't know,Yes
270,30,Male,Ireland,Yes,No,No,Sometimes,1-5,Yes,Yes,No,No,No,No,Don't know,Somewhat difficult,No,No,Some of them,Some of them,No,Maybe,No,No
273,34,male,United Kingdom,No,No,No,Sometimes,26-100,No,Yes,No,Yes,No,No,Don't know,Somewhat easy,Maybe,Maybe,Yes,Some of them,No,No,Don't know,No
275,33,Male,Canada,No,No,No,,100-500,No,Yes,Yes,No,Yes,Yes,Yes,Don't know,No,No,Some of them,Yes,No,No,Don't know,No
277,28,male,Colombia,No,No,No,Sometimes,6-25,No,Yes,No,Yes,No,No,Don't know,Somewhat easy,Maybe,Maybe,No,Some of them,No,No,Don't know,No
280,22,Male,Australia,Yes,Yes,Yes,Sometimes,6-25,Yes,Yes,Don't know,Not sure,Yes,Yes,Don't know,Somewhat easy,Maybe,No,Some of them,Yes,No,Yes,No,Yes
281,27,male,Portugal,No,No,No,Never,6-25,No,Yes,No,No,No,No,Yes,Don't know,Yes,No,No,No,No,Maybe,Don't know,No
284,25,Male,Canada,No,No,No,,100-500,No,No,Don't know,Not sure,No,No,Don't know,Don't know,No,No,Some of them,Some of them,No,Yes,No,No
285,27,Male,United Kingdom,No,Yes,Yes,Sometimes,6-25,No,Yes,No,No,No,No,Yes,Somewhat easy,Maybe,Maybe,Yes,Yes,Yes,Yes,Yes,No
290,30,Male,Switzerland,Yes,No,No,Never,1-5,No,Yes,No,No,No,No,No,Somewhat easy,No,No,Yes,Yes,No,No,Yes,No
305,26,male,Canada,No,Yes,Yes,Often,6-25,No,Yes,Yes,No,No,Don't know,Don't know,Don't know,Maybe,No,Some of them,Some of them,Maybe,Maybe,Yes,No
310,25,Male,Canada,No,No,Yes,Often,6-25,Yes,No,Don't know,No,No,Don't know,Don't know,Somewhat difficult,Yes,Maybe,No,No,No,Maybe,Don't know,No
319,29,male,Latvia,No,No,No,,26-100,No,Yes,No,Yes,No,No,Don't know,Somewhat easy,Maybe,Maybe,Some of them,Some of them,No,No,Don't know,No
329,33,male,Germany,Yes,Yes,Yes,Rarely,1-5,No,No,No,No,No,No,Don't know,Somewhat difficult,Yes,Yes,No,No,Maybe,No,Yes,Yes
331,25,Male,Canada,No,Yes,Yes,Sometimes,More than 1000,No,Yes,Yes,Yes,No,Don't know,Don't know,Don't know,Yes,Maybe,Some of them,No,No,No,No,No
333,45,Male,Ireland,Yes,No,Yes,Often,1-5,No,Yes,No,No,No,No,Don't know,Very difficult,No,No,No,No,No,No,Don't know,No
334,29,m,Romania,No,No,No,,6-25,Yes,No,No,Yes,No,No,Don't know,Don't know,Maybe,Maybe,Some of them,Some of them,Maybe,Maybe,No,No
336,30,Male,United Kingdom,No,No,Yes,Sometimes,26-100,No,Yes,Don't know,No,No,Don't know,Don't know,Don't know,Yes,Maybe,No,No,No,Maybe,Don't know,No
344,33,Male,United Kingdom,No,No,No,Rarely,1-5,Yes,Yes,Don't know,No,No,No,Don't know,Don't know,Yes,Maybe,No,No,No,Maybe,No,No
350,29,Male,Belgium,No,No,No,Often,6-25,No,No,Don't know,No,No,No,Don't know,Don't know,Maybe,No,Yes,Yes,Maybe,Maybe,Don't know,No
352,30,Male,United Kingdom,No,No,No,Never,6-25,No,Yes,No,No,No,Don't know,Don't know,Very easy,No,No,Some of them,Yes,No,Maybe,Yes,No
354,25,Female,Sweden,No,Yes,No,Sometimes,6-25,No,Yes,Yes,Yes,Yes,No,Don't know,Somewhat easy,No,No,Some of them,Yes,No,No,No,No
361,34,male,Germany,Yes,Yes,Yes,Rarely,26-100,Yes,Yes,No,No,No,Don't know,Don't know,Somewhat difficult,No,No,Yes,Yes,No,Maybe,Yes,No
369,21,Male,United Kingdom,No,No,Yes,Sometimes,6-25,No,No,Don't know,Not sure,No,No,No,Very easy,Yes,No,Some of them,No,No,Maybe,No,No
380,41,Male,Canada,No,No,Yes,Never,500-1000,No,Yes,Yes,Not sure,No,Don't know,Don't know,Somewhat easy,No,No,Some of them,Some of them,No,No,Don't know,No
383,25,Male,Germany,No,Yes,Yes,Often,26-100,Yes,Yes,No,No,No,No,Yes,Somewhat easy,No,No,Yes,Yes,No,Yes,No,No
386,42,Male,New Zealand,No,No,No,Never,500-1000,No,Yes,Don't know,Not sure,No,No,Don't know,Don't know,No,No,Some of them,Yes,Maybe,Maybe,Don't know,No
389,33,Female,Sweden,No,Yes,Yes,Rarely,More than 1000,No,Yes,Yes,Yes,No,Yes,Yes,Don't know,Maybe,No,Some of them,No,No,Yes,Don't know,No
390,99999999999,All,Zimbabwe,Yes,Yes,Yes,Often,1-5,No,Yes,No,Yes,No,No,No,Very difficult,Yes,Yes,No,No,Yes,No,No,Yes
393,26,Male,Canada,No,Yes,Yes,Often,26-100,Yes,Yes,Don't know,No,Don't know,Don't know,Don't know,Very easy,No,No,Yes,Yes,No,No,Yes,No
396,48,M,United Kingdom,No,No,No,,26-100,No,Yes,Don't know,No,No,No,Don't know,Don't know,Maybe,Maybe,No,No,No,No,No,No
397,35,Male,United Kingdom,No,No,No,Sometimes,6-25,No,Yes,No,No,No,No,Don't know,Very difficult,Maybe,Maybe,Some of them,Yes,No,Maybe,No,Yes
399,29,Male,Canada,No,No,Yes,Sometimes,100-500,No,Yes,Don't know,Not sure,Don't know,Don't know,Yes,Somewhat easy,Maybe,No,Some of them,Some of them,No,Maybe,Yes,No
404,29,male,Germany,No,Yes,Yes,Sometimes,26-100,No,Yes,Don't know,No,No,No,Don't know,Very easy,Maybe,No,Some of them,Some of them,Maybe,Maybe,Don't know,No
408,22,Male,Brazil,Yes,No,No,Never,6-25,Yes,Yes,Don't know,No,No,No,Don't know,Somewhat easy,No,No,Yes,Yes,Maybe,No,Don't know,No
409,30,female,Spain,No,Yes,No,,500-1000,No,Yes,No,No,No,No,Don't know,Don't know,Yes,Maybe,No,No,No,No,Don't know,No
413,31,Enby,United Kingdom,No,Yes,Yes,Sometimes,More than 1000,No,Yes,Don't know,No,No,No,Don't know,Don't know,Yes,Maybe,No,No,No,Yes,Yes,No
416,30,fluid,Germany,No,Yes,Yes,Sometimes,100-500,No,Yes,Don't know,Not sure,No,No,Don't know,Somewhat difficult,No,No,Yes,Yes,Maybe,Maybe,No,No
417,23,Male,India,No,No,No,,6-25,No,Yes,No,No,No,No,Don't know,Don't know,No,No,Some of them,Yes,Maybe,Maybe,No,No
418,34,Male,Finland,No,No,No,Never,6-25,No,Yes,No,No,No,No,Don't know,Somewhat easy,No,No,Yes,Yes,No,Maybe,Don't know,No
420,28,male,Germany,No,Yes,Yes,Rarely,1-5,Yes,Yes,Yes,No,No,No,Yes,Very easy,No,No,Yes,Yes,No,No,Yes,No
421,26,M,Uruguay,No,No,No,,26-100,Yes,Yes,Don't know,No,Don't know,No,Don't know,Don't know,No,No,Some of them,No,No,Yes,Don't know,No
422,28,Male,New Zealand,No,Yes,Yes,Sometimes,6-25,Yes,Yes,Yes,Yes,Yes,No,Don't know,Very easy,No,No,Yes,Yes,Yes,Yes,Yes,No
423,32,Male,United Kingdom,No,Yes,Yes,Sometimes,6-25,No,Yes,No,No,No,Don't know,Don't know,Somewhat easy,No,No,Some of them,Yes,No,No,Don't know,No
430,28,Male,Canada,Yes,No,No,Never,100-500,Yes,Yes,Don't know,No,No,No,Don't know,Somewhat easy,Maybe,No,Some of them,Yes,No,No,Yes,No
437,20,Male,Australia,No,No,No,,100-500,Yes,Yes,Don't know,Not sure,Don't know,Don't know,Yes,Very easy,No,No,Some of them,Yes,No,No,Don't know,No
440,26,Male,United Kingdom,No,Yes,No,Sometimes,6-25,No,Yes,No,No,No,No,Don't know,Don't know,Maybe,Maybe,No,No,No,Maybe,No,No
444,23,M,Canada,No,Yes,Yes,Sometimes,6-25,No,Yes,Yes,Yes,No,No,Yes,Very easy,No,No,Yes,Yes,No,No,Yes,No
449,37,Male,Canada,No,Yes,Yes,Rarely,More than 1000,No,No,Yes,Yes,Yes,Yes,Don't know,Don't know,Maybe,Maybe,Some of them,Some of them,No,No,Don't know,No
456,27,Male,Brazil,No,No,No,Rarely,6-25,No,Yes,No,Yes,No,No,Don't know,Somewhat easy,Maybe,No,Some of them,Some of them,No,Maybe,No,No
457,35,Male,Netherlands,No,Yes,No,Never,100-500,No,Yes,Yes,No,No,No,Yes,Don't know,Yes,No,No,No,No,Maybe,Don't know,No
458,32,Male,United Kingdom,No,No,No,Never,6-25,No,Yes,No,No,No,No,Don't know,Don't know,Maybe,No,Some of them,No,No,Yes,Yes,No
460,29,Male,United Kingdom,No,No,No,,26-100,No,Yes,Don't know,No,Don't know,Don't know,Don't know,Don't know,No,No,Some of them,Yes,Maybe,Maybe,Yes,No
465,38,Male,United Kingdom,Yes,No,Yes,Sometimes,26-100,Yes,Yes,No,No,No,No,Yes,Somewhat easy,Maybe,Maybe,Some of them,Yes,No,Maybe,Yes,No
467,28,Male,United Kingdom,No,No,Yes,Sometimes,More than 1000,No,Yes,No,No,No,No,No,Very difficult,Yes,Maybe,No,Some of them,No,Maybe,No,No
468,26,male,France,No,No,No,Never,6-25,No,Yes,No,Yes,No,No,Don't know,Don't know,Maybe,No,Yes,Yes,Maybe,Maybe,No,No
469,42,f,Netherlands,No,No,Yes,Rarely,100-500,Yes,Yes,Yes,Yes,No,No,Yes,Don't know,Yes,No,Some of them,No,No,Maybe,Don't know,No
473,39,Female,United Kingdom,No,No,Yes,Sometimes,More than 1000,No,Yes,Yes,Yes,No,Yes,Don't know,Don't know,Yes,No,Some of them,Some of them,No,Maybe,No,Yes
476,27,Male,Germany,No,Yes,Yes,Sometimes,6-25,No,Yes,No,Not sure,No,No,Don't know,Somewhat difficult,Yes,Maybe,Some of them,No,No,No,No,Yes
477,23,male,Germany,Yes,Yes,Yes,Often,26-100,Yes,Yes,Don't know,No,Don't know,Don't know,Don't know,Don't know,No,Maybe,Yes,Yes,Maybe,Yes,Don't know,No
478,18,male,Finland,No,No,No,,500-1000,Yes,No,Don't know,No,No,Don't know,Don't know,Very easy,Yes,No,No,No,No,Maybe,Don't know,No
482,18,Female,United Kingdom,No,Yes,Yes,Sometimes,1-5,Yes,Yes,Don't know,Not sure,Don't know,Don't know,Don't know,Don't know,Maybe,Maybe,Some of them,Some of them,Maybe,Maybe,Don't know,No
485,43,male,Germany,No,No,Yes,Sometimes,26-100,No,No,No,Yes,Don't know,No,Don't know,Somewhat easy,Maybe,No,Some of them,Some of them,No,Yes,No,Yes
488,26,Male,Israel,No,No,No,Sometimes,6-25,No,Yes,No,No,No,No,Yes,Very easy,Maybe,No,Some of them,Yes,No,Maybe,Yes,No
489,33,Male,Italy,No,No,No,Never,6-25,No,No,No,No,No,No,Don't know,Don't know,Maybe,Maybe,Some of them,Some of them,No,No,No,No
492,27,Male,Israel,No,No,No,,26-100,No,Yes,No,No,No,No,Don't know,Somewhat difficult,Yes,No,Some of them,No,No,Maybe,No,Yes
498,54,Male,United Kingdom,No,No,Yes,Sometimes,More than 1000,Yes,No,No,Yes,Yes,Yes,Yes,Very easy,No,No,Yes,Yes,Maybe,Maybe,No,No
499,34,Male,Netherlands,No,No,No,Rarely,6-25,No,Yes,Don't know,Not sure,Don't know,Don't know,Don't know,Somewhat easy,No,No,Some of them,Some of them,No,Maybe,Yes,No
501,40,Male,Ireland,Yes,Yes,No,,More than 1000,No,Yes,No,No,No,No,No,Don't know,Yes,Maybe,Some of them,No,No,Maybe,No,Yes
502,32,male,United Kingdom,No,No,No,,26-100,No,Yes,No,Not sure,No,Don't know,Don't know,Don't know,No,No,No,Some of them,No,Maybe,Don't know,No
503,25,Male,Germany,No,No,No,Never,More than 1000,No,No,Don't know,Not sure,Don't know,Yes,Don't know,Don't know,No,No,Yes,Yes,No,Yes,Don't know,No
507,32,male,United Kingdom,No,Yes,Yes,Sometimes,6-25,Yes,Yes,Yes,No,No,No,Don't know,Don't know,No,No,Yes,Yes,Maybe,Maybe,Yes,No
518,33,Male,Germany,No,No,Yes,Sometimes,6-25,No,Yes,Yes,Yes,No,No,Yes,Very easy,Yes,Yes,Some of them,Some of them,No,Maybe,No,No
519,34,Male,United Kingdom,No,Yes,Yes,Often,26-100,No,Yes,No,Yes,No,No,Yes,Very easy,Maybe,Maybe,Yes,Yes,No,No,No,No
523,25,Male,Bosnia and Herzegovina,No,Yes,No,Rarely,26-100,Yes,Yes,Don't know,Not sure,Don't know,Don't know,Don't know,Don't know,Maybe,Yes,No,No,No,No,Don't know,Yes
526,24,male,Austria,Yes,No,No,Sometimes,1-5,No,Yes,Yes,Yes,Don't know,Don't know,Yes,Somewhat easy,No,No,Some of them,Some of them,Maybe,Maybe,Yes,No
527,51,Male,New Zealand,No,No,Yes,Sometimes,26-100,Yes,Yes,No,Yes,Yes,No,No,Somewhat difficult,Yes,Yes,No,No,No,No,Don't know,Yes
529,31,Female,Canada,Yes,Yes,Yes,Sometimes,100-500,Yes,Yes,Don't know,Not sure,Don't know,Don't know,Don't know,Don't know,Maybe,Maybe,Some of them,Yes,No,No,Yes,No
530,27,Male,United Kingdom,No,No,No,,6-25,No,Yes,No,No,No,No,Don't know,Don't know,No,No,Some of them,Yes,No,Yes,Don't know,No
531,31,Male,Australia,No,No,Yes,Rarely,100-500,No,Yes,Yes,Yes,Yes,Yes,Don't know,Somewhat easy,No,No,Yes,Yes,Yes,Yes,No,No
532,27,female,Hungary,Yes,Yes,No,Sometimes,1-5,Yes,Yes,No,No,No,No,No,Very difficult,Yes,Maybe,No,No,No,Maybe,No,No
533,23,Male,Sweden,No,No,No,Rarely,6-25,No,Yes,Don't know,No,No,Don't know,Don't know,Very easy,No,No,Some of them,Yes,Maybe,Maybe,Yes,No
534,21,Male,Canada,No,No,No,Never,26-100,No,Yes,Don't know,Not sure,Don't know,No,Don't know,Don't know,Yes,Maybe,No,No,No,Maybe,Don't know,No
535,27,Female,Australia,No,Yes,Yes,Sometimes,6-25,No,Yes,No,Yes,No,No,No,Somewhat difficult,Yes,No,Some of them,Some of them,No,No,No,No
538,27,Male,United Kingdom,No,No,No,Never,6-25,No,Yes,Don't know,No,No,No,Don't know,Don't know,Maybe,Maybe,Some of them,Some of them,No,No,Don't know,No
542,32,male,United Kingdom,No,No,No,Never,6-25,No,Yes,Don't know,No,No,No,Don't know,Don't know,No,No,Yes,Yes,Yes,Yes,Yes,No
544,28,Androgyne,United Kingdom,No,Yes,Yes,Rarely,100-500,No,Yes,No,Not sure,No,No,Yes,Somewhat difficult,Yes,Yes,Some of them,Some of them,Yes,No,No,Yes
545,23,female,United Kingdom,No,No,No,,6-25,No,Yes,Don't know,Not sure,No,No,Don't know,Very easy,Maybe,No,No,Some of them,No,Yes,Yes,No
546,30,Male,United Kingdom,No,No,No,Never,26-100,Yes,Yes,Don't know,Not sure,Don't know,Don't know,Don't know,Very easy,No,No,Yes,Yes,Maybe,Maybe,Yes,No
549,30,male,Germany,No,No,No,Often,26-100,No,Yes,No,No,Don't know,No,Don't know,Somewhat easy,Maybe,No,Some of them,Some of them,Maybe,Yes,Don't know,No
551,32,Male,New Zealand,No,No,Yes,Sometimes,6-25,No,Yes,No,No,No,No,Don't know,Very easy,No,No,Some of them,Yes,Maybe,Yes,Don't know,No
552,29,female,Canada,No,No,Yes,Sometimes,1-5,No,Yes,No,No,No,No,Don't know,Don't know,Maybe,No,Some of them,Some of them,No,No,Yes,No
553,21,Agender,United Kingdom,No,No,Yes,Sometimes,26-100,No,Yes,No,Yes,Yes,No,Yes,Somewhat easy,Maybe,No,Some of them,Some of them,No,No,Yes,No
554,27,Female,New Zealand,No,Yes,Yes,Rarely,100-500,Yes,Yes,No,No,No,No,Don't know,Somewhat easy,Maybe,Maybe,Some of them,Some of them,No,Yes,Don't know,No
555,32,Female,Canada,No,No,Yes,Often,More than 1000,No,No,Don't know,Not sure,Don't know,Don't know,Don't know,Don't know,Maybe,No,Some of them,Some of them,No,No,Don't know,No
556,34,M,Australia,No,No,No,Sometimes,More than 1000,No,Yes,Yes,Yes,Yes,Yes,Yes,Very easy,No,No,Some of them,Yes,No,Maybe,Yes,No
558,22,Male,Netherlands,No,Yes,Yes,Sometimes,6-25,Yes,Yes,No,Not sure,No,Don't know,Don't know,Somewhat easy,No,No,Some of them,Yes,Maybe,Yes,Yes,No
562,33,Male,Australia,No,No,No,Never,More than 1000,No,Yes,Don't know,Not sure,Don't know,Don't know,Yes,Very easy,No,No,Some of them,Yes,Maybe,Yes,Yes,No
564,40,Male,Canada,No,No,No,Never,26-100,No,Yes,No,No,No,No,Don't know,Somewhat difficult,No,No,Some of them,Some of them,No,No,No,No
578,29,male,Canada,Yes,No,No,Never,26-100,Yes,Yes,Yes,Yes,No,No,Yes,Very difficult,Yes,No,Some of them,No,No,Yes,No,No
582,29,Male,Canada,No,No,Yes,Never,More than 1000,No,No,Yes,Not sure,Yes,Yes,Yes,Somewhat difficult,Maybe,No,Some of them,No,No,Maybe,Don't know,Yes
584,27,Male,Singapore,No,No,No,Sometimes,1-5,Yes,Yes,No,No,No,No,Yes,Don't know,Yes,No,Some of them,Yes,No,No,No,No
586,27,Male,Australia,No,No,Yes,Often,100-500,Yes,Yes,No,No,No,No,Don't know,Don't know,Maybe,No,Some of them,No,No,Maybe,No,Yes
592,19,Male,Canada,No,Yes,Yes,Sometimes,1-5,No,Yes,No,No,No,No,Don't know,Don't know,Maybe,Maybe,Some of them,No,No,Maybe,Don't know,No
609,27,Male,Australia,No,No,No,Never,1-5,Yes,Yes,No,No,No,No,Don't know,Don't know,Yes,No,No,No,No,Maybe,Don't know,No
613,30,Male,Singapore,No,No,No,Sometimes,26-100,No,Yes,Don't know,Not sure,No,No,Don't know,Somewhat easy,Maybe,No,Some of them,No,No,Yes,No,Yes
618,38,male,Netherlands,No,Yes,No,Often,26-100,Yes,Yes,No,Not sure,No,Don't know,Don't know,Don't know,Maybe,Maybe,Some of them,Some of them,Maybe,Maybe,Don't know,No
619,22,Male,United Kingdom,No,Yes,Yes,Sometimes,100-500,No,Yes,Yes,Yes,No,No,Yes,Very easy,No,No,Some of them,Yes,Maybe,Yes,Yes,No
620,24,m,Germany,No,Yes,No,Sometimes,100-500,No,Yes,Don't know,No,No,No,Don't know,Somewhat easy,No,No,Some of them,Some of them,No,Maybe,Don't know,No
621,22,M,Netherlands,Yes,No,No,Never,1-5,No,Yes,Don't know,Not sure,No,No,Don't know,Don't know,No,Maybe,Some of them,Yes,Maybe,Yes,No,Yes
626,37,Guy (-ish) ^_^,Canada,No,Yes,Yes,Sometimes,100-500,No,No,Yes,Yes,No,No,Don't know,Somewhat difficult,Yes,Maybe,Some of them,Some of them,No,Maybe,No,No
628,32,male leaning androgynous,Canada,No,No,No,Sometimes,26-100,Yes,Yes,No,Yes,No,No,Yes,Very difficult,Yes,Maybe,Some of them,No,No,Maybe,No,Yes
630,24,Female,United Kingdom,No,No,Yes,Sometimes,100-500,No,Yes,No,No,No,No,Don't know,Don't know,Maybe,No,No,Some of them,No,Maybe,Don't know,No
632,31,Male,Germany,No,No,No,Sometimes,6-25,Yes,Yes,No,No,No,No,No,Very easy,No,No,Yes,Yes,Maybe,Maybe,Yes,No
634,35,m,Germany,No,No,Yes,Rarely,100-500,No,No,Don't know,No,Yes,Don't know,Don't know,Very easy,No,No,Some of them,Yes,No,No,Yes,No
635,28,male,Germany,No,No,No,Never,26-100,No,Yes,No,No,No,No,Don't know,Somewhat easy,No,No,Some of them,Some of them,Yes,Yes,Don't know,No
636,36,male,Poland,Yes,Yes,Yes,Often,6-25,No,Yes,No,No,No,No,Don't know,Somewhat easy,No,No,Some of them,Yes,Maybe,Maybe,Yes,Yes
637,30,Male,United Kingdom,No,No,Yes,Often,26-100,No,Yes,No,No,No,No,Yes,Somewhat easy,No,No,Some of them,Yes,No,Maybe,Yes,No
639,49,male,Japan,Yes,Yes,Yes,Sometimes,1-5,Yes,Yes,No,Yes,Yes,No,Don't know,Somewhat difficult,Yes,Yes,No,No,No,No,No,Yes
640,36,Male,Germany,No,No,No,,26-100,No,Yes,Yes,Yes,No,No,Yes,Very easy,No,No,Some of them,Yes,Maybe,Maybe,Yes,No
641,35,male,Germany,No,No,No,,26-100,No,Yes,No,No,No,No,Don't know,Very easy,Maybe,No,Some of them,Some of them,No,No,Don't know,No
642,29,Female,Australia,No,Yes,Yes,Sometimes,More than 1000,No,No,Yes,Yes,Yes,Yes,No,Somewhat difficult,Yes,No,Some of them,Some of them,No,No,No,Yes
644,31,female,Belgium,No,Yes,Yes,Rarely,100-500,No,No,Yes,No,No,No,No,Don't know,Maybe,No,Some of them,No,No,No,Don't know,Yes
645,37,Male,Ireland,Yes,No,No,Never,6-25,No,Yes,No,No,No,No,Don't know,Don't know,Yes,Maybe,No,No,No,Maybe,Don't know,No
646,25,Male,Ireland,No,Yes,Yes,Sometimes,26-100,No,Yes,No,No,No,No,Don't know,Don't know,Maybe,No,Some of them,Some of them,No,Maybe,No,No
647,30,Male,Australia,No,No,No,Sometimes,26-100,No,Yes,No,No,No,No,Don't know,Very easy,No,No,Some of them,Some of them,No,No,Don't know,No
648,26,F,Australia,No,Yes,No,Sometimes,100-500,No,No,No,Yes,Yes,Yes,Don't know,Somewhat easy,No,No,Yes,Yes,No,No,Don't know,No
649,22,Female,Netherlands,No,No,No,Often,6-25,No,Yes,No,No,No,No,Don't know,Don't know,No,No,No,Some of them,No,Yes,Don't know,No
651,29,Male,United Kingdom,No,Yes,Yes,Never,100-500,No,Yes,Don't know,Not sure,Don't know,Don't know,Don't know,Don't know,Maybe,Maybe,No,No,No,No,No,No
652,54,male,United Kingdom,Yes,Yes,Yes,Sometimes,1-5,Yes,Yes,Don't know,Not sure,No,No,Don't know,Very easy,No,No,Some of them,Yes,Yes,Yes,Don't know,Yes
653,34,Female,Australia,No,Yes,No,Never,500-1000,No,No,Don't know,No,Yes,Yes,Don't know,Don't know,Yes,Maybe,No,No,No,No,Don't know,Yes
655,25,Male,Nigeria,No,No,No,,6-25,No,Yes,No,No,No,No,Don't know,Don't know,Maybe,No,Yes,Yes,No,Yes,Don't know,No
656,29,male,Poland,No,No,No,Rarely,1-5,No,Yes,No,No,No,No,No,Somewhat difficult,No,Maybe,Some of them,No,No,No,Yes,No
657,32,male,Germany,Yes,No,No,Never,1-5,Yes,Yes,No,No,No,No,Don't know,Don't know,No,No,Some of them,Yes,No,Maybe,Don't know,No
658,30,M,United Kingdom,No,Yes,Yes,Sometimes,More than 1000,No,Yes,Yes,Yes,No,Don't know,Yes,Don't know,Maybe,No,Some of them,Yes,No,Yes,Yes,No
659,31,male,Germany,No,No,No,,6-25,No,Yes,Don't know,No,No,Don't know,Don't know,Somewhat easy,No,No,Some of them,Yes,Maybe,Maybe,Don't know,No
660,20,F,Switzerland,No,No,No,Rarely,More than 1000,No,Yes,Yes,Yes,Yes,Yes,Yes,Somewhat easy,No,No,Some of them,Some of them,No,Maybe,Yes,No
661,27,Male,United Kingdom,No,No,No,Never,1-5,No,Yes,Don't know,No,No,Don't know,Don't know,Don't know,No,No,Some of them,Yes,Maybe,Maybe,Don't know,No
663,26,Male,Ireland,Yes,No,No,Never,1-5,Yes,Yes,No,No,No,No,Don't know,Somewhat difficult,Maybe,No,Some of them,Yes,Maybe,Maybe,Yes,No
664,30,Male,Italy,No,No,No,Sometimes,More than 1000,No,No,Don't know,No,No,No,Yes,Very easy,No,No,Some of them,Some of them,No,No,Don't know,No
665,30,Male,Ireland,No,No,Yes,Sometimes,26-100,Yes,Yes,No,No,Don't know,No,Don't know,Very difficult,Maybe,Maybe,Some of them,No,No,No,No,No
666,22,male,India,Yes,No,No,,1-5,Yes,Yes,Don't know,No,Don't know,Don't know,Don't know,Very easy,Maybe,Maybe,Some of them,Some of them,Maybe,Maybe,Yes,Yes
667,24,male,Ireland,No,No,No,,More than 1000,No,Yes,Don't know,Not sure,Don't know,Don't know,Don't know,Don't know,No,No,No,No,No,No,Don't know,No
668,26,m,Netherlands,No,No,No,Never,26-100,No,Yes,No,No,No,No,Don't know,Don't know,Maybe,Maybe,No,No,No,No,Don't know,No
669,43,male,France,No,No,No,,100-500,No,Yes,Don't know,No,No,No,Don't know,Don't know,No,No,Some of them,Yes,Maybe,Maybe,Don't know,No
670,26,Male,Russia,No,No,No,Never,26-100,No,Yes,No,Not sure,No,Don't know,Don't know,Somewhat difficult,No,No,Some of them,No,No,Maybe,Don't know,No
672,26,Man,Canada,No,No,No,,100-500,Yes,Yes,Yes,Not sure,Don't know,Yes,Don't know,Somewhat easy,No,No,Some of them,Some of them,No,No,Yes,No
673,26,female,Israel,No,Yes,No,Never,100-500,No,Yes,Don't know,No,Don't know,Don't know,Don't know,Don't know,Maybe,No,Some of them,No,No,No,Yes,No
674,35,Male,Canada,No,Yes,No,Sometimes,26-100,No,Yes,Don't know,No,No,No,Don't know,Don't know,Maybe,Maybe,Some of them,Some of them,No,No,No,No
676,22,Male,India,No,No,No,,26-100,No,Yes,No,No,No,No,Don't know,Don't know,Maybe,Maybe,Some of them,Yes,Maybe,Maybe,Don't know,No
678,29,Male,Germany,Yes,No,No,,1-5,No,Yes,No,Yes,No,No,Yes,Very easy,No,No,Yes,Yes,Yes,Yes,Yes,No
680,33,male,Bulgaria,No,No,Yes,Rarely,26-100,Yes,Yes,No,No,No,No,Don't know,Somewhat easy,Maybe,No,Some of them,Some of them,No,Maybe,Don't know,Yes
683,29,female,Canada,No,No,Yes,Rarely,More than 1000,Yes,No,Yes,Yes,Yes,Don't know,Yes,Somewhat easy,No,No,No,Yes,No,Maybe,Don't know,No
684,21,Female,United Kingdom,No,No,No,,6-25,No,Yes,No,No,No,No,Don't know,Don't know,Yes,Maybe,Some of them,No,No,No,Don't know,No
685,23,Female,India,No,Yes,Yes,Sometimes,More than 1000,No,Yes,Don't know,Not sure,No,Don't know,Don't know,Don't know,Yes,Maybe,No,No,No,No,Don't know,No
689,27,f,United Kingdom,No,No,Yes,Sometimes,6-25,Yes,Yes,Don't know,Not sure,Yes,Don't know,Yes,Very easy,No,No,Yes,Yes,Maybe,Maybe,Yes,No
690,23,male,Canada,No,No,Yes,Sometimes,6-25,No,Yes,Yes,No,No,No,Don't know,Somewhat easy,Maybe,Maybe,Some of them,Some of them,No,No,Don't know,No
691,29,M,Netherlands,No,No,No,Never,1-5,Yes,Yes,No,No,No,No,Yes,Somewhat easy,No,No,Yes,Yes,No,Maybe,Yes,No
692,30,m,Germany,No,No,No,,26-100,No,Yes,Don't know,No,No,Don't know,Yes,Somewhat easy,No,No,Some of them,No,Maybe,Maybe,Don't know,No
693,28,Female,Canada,No,No,No,,More than 1000,No,Yes,Yes,Not sure,Don't know,Don't know,Don't know,Somewhat easy,No,No,Some of them,Yes,No,No,Don't know,No
694,32,Male,United Kingdom,No,No,No,,6-25,No,Yes,No,No,No,No,Don't know,Don't know,Yes,No,No,No,No,Yes,No,No
695,32,Male,United Kingdom,No,No,Yes,Sometimes,26-100,No,No,Yes,Yes,No,No,Yes,Very easy,No,No,No,Yes,No,No,Yes,No
696,37,Male,France,No,No,No,,100-500,No,Yes,No,No,No,No,Don't know,Somewhat easy,Maybe,Maybe,Some of them,Some of them,No,Maybe,No,No
698,31,male,France,No,No,No,,500-1000,No,Yes,Don't know,No,No,Don't know,Don't know,Don't know,Maybe,Maybe,Some of them,No,No,No,Yes,No
705,32,Male,United Kingdom,No,No,Yes,Rarely,100-500,No,Yes,Don't know,No,No,No,Don't know,Don't know,Maybe,No,Yes,Yes,No,Maybe,No,Yes
710,34,Male,United Kingdom,No,No,No,,6-25,No,Yes,No,No,No,No,Don't know,Somewhat easy,Maybe,Maybe,Some of them,Yes,No,Maybe,Don't know,No
711,27,male,France,No,No,No,,6-25,No,Yes,Don't know,Not sure,Don't know,Don't know,Don't know,Don't know,No,No,Yes,Yes,No,No,Yes,No
715,-1726,male,United Kingdom,No,No,Yes,Sometimes,26-100,No,No,No,No,No,No,Don't know,Somewhat difficult,Yes,No,No,No,No,Maybe,Don't know,No
716,25,Male,Germany,No,No,No,,500-1000,No,Yes,Yes,Yes,Don't know,Yes,Yes,Somewhat easy,Maybe,Maybe,Some of them,Yes,Yes,Yes,Yes,No
718,29,Male,Netherlands,No,Yes,No,,6-25,No,Yes,No,No,No,No,Don't know,Very easy,No,No,Some of them,Yes,No,Maybe,Yes,No
720,33,Male,United Kingdom,No,No,No,,6-25,No,Yes,Don't know,No,No,No,Don't know,Don't know,Maybe,No,Some of them,Some of them,No,Maybe,Don't know,No
721,30,male,Canada,No,Yes,Yes,Sometimes,More than 1000,No,No,Don't know,No,No,No,No,Very difficult,Yes,No,Some of them,No,No,Yes,No,Yes
722,29,male,Canada,No,No,No,,1-5,Yes,Yes,No,Yes,No,No,Don't know,Somewhat difficult,Maybe,Maybe,Yes,Yes,No,Maybe,Don't know,No
725,31,Male,South Africa,No,No,No,Never,100-500,Yes,Yes,No,No,No,No,No,Don't know,No,No,Some of them,Some of them,No,Maybe,No,No
726,21,male,Germany,No,No,No,Rarely,6-25,Yes,Yes,Don't know,No,No,No,Don't know,Very easy,Maybe,Maybe,Some of them,Some of them,No,Maybe,No,No
727,30,Male,Switzerland,No,Yes,Yes,Sometimes,26-100,No,Yes,Don't know,No,No,No,No,Very difficult,Yes,Yes,No,No,No,No,No,No
729,43,Male,Croatia,Yes,No,Yes,Sometimes,1-5,Yes,Yes,No,No,No,No,Yes,Very difficult,Yes,No,Yes,No,No,Maybe,No,Yes
730,37,m,United Kingdom,No,No,Yes,Often,6-25,No,Yes,No,No,No,No,Don't know,Don't know,Yes,No,Yes,Yes,Maybe,Yes,No,No
731,24,Male,France,No,No,No,,26-100,No,Yes,No,No,Yes,No,Don't know,Don't know,Maybe,No,Yes,Some of them,No,No,Don't know,No
735,33,Male,United Kingdom,Yes,No,No,Never,100-500,No,No,No,Not sure,No,No,Don't know,Very easy,No,No,Yes,Some of them,No,Yes,No,No
737,33,Male,United Kingdom,No,No,Yes,Sometimes,26-100,No,Yes,Don't know,Not sure,No,No,Don't know,Don't know,Maybe,No,Some of them,No,No,Maybe,Don't know,No
738,27,Male,United Kingdom,No,No,No,,6-25,No,Yes,No,No,No,Yes,Yes,Don't know,Maybe,No,Yes,Some of them,No,Yes,Yes,No
740,37,male,Australia,No,Yes,Yes,Sometimes,26-100,No,Yes,No,Yes,No,No,Yes,Very easy,No,No,Some of them,Yes,No,Maybe,Yes,Yes
741,32,male,Belgium,No,No,No,,6-25,No,Yes,No,Yes,No,No,Don't know,Very difficult,Yes,Maybe,No,No,No,No,No,No
742,39,Male,United Kingdom,No,No,Yes,Sometimes,100-500,No,Yes,No,No,No,No,Don't know,Very easy,No,No,No,Some of them,No,Yes,Yes,No
746,28,male,Canada,No,No,No,,6-25,No,Yes,Yes,Not sure,No,Don't know,Yes,Very easy,No,No,Some of them,Yes,Maybe,Maybe,Yes,No
747,32,Male,Italy,No,No,No,,6-25,No,Yes,No,No,No,No,No,Somewhat difficult,Maybe,No,Some of them,No,Maybe,Maybe,No,No
749,19,Male,Canada,No,No,Yes,Sometimes,26-100,No,Yes,Don't know,Not sure,No,No,Don't know,Somewhat difficult,No,No,Some of them,Yes,No,Yes,Don't know,No
750,33,m,Norway,No,Yes,No,,26-100,No,Yes,Yes,Yes,No,No,Don't know,Very easy,No,No,Some of them,Yes,No,No,Don't know,No
751,42,male,Germany,No,No,No,,More than 1000,Yes,Yes,Don't know,Not sure,Yes,Yes,Yes,Very easy,No,No,Some of them,No,No,Maybe,Yes,No
753,40,Male,Thailand,Yes,No,No,Never,6-25,No,Yes,No,No,No,No,Yes,Very easy,No,No,Some of them,Yes,Maybe,Maybe,Yes,No
758,34,male,Germany,No,No,No,Rarely,26-100,No,Yes,No,No,No,No,Yes,Somewhat easy,Maybe,Maybe,No,Some of them,Maybe,Maybe,Yes,No
760,31,Male,Canada,Yes,Yes,No,Sometimes,1-5,Yes,Yes,No,Yes,No,No,Yes,Somewhat easy,No,No,No,No,No,No,Yes,No
762,37,Male,Ireland,No,Yes,Yes,Sometimes,1-5,No,Yes,No,No,No,No,Don't know,Very easy,No,No,Yes,Yes,Maybe,Maybe,Yes,No
763,38,Male,Ireland,No,Yes,Yes,Sometimes,1-5,No,Yes,No,No,No,No,No,Very difficult,Yes,Yes,No,No,No,No,No,No
765,39,Male,Netherlands,Yes,No,No,,6-25,No,Yes,No,No,Yes,No,Yes,Somewhat easy,No,No,Some of them,Yes,Maybe,Maybe,Yes,No
767,27,Male,United Kingdom,No,No,No,Never,26-100,No,Yes,Don't know,Not sure,No,Don't know,Don't know,Somewhat easy,No,No,Some of them,No,Yes,Yes,Don't know,No
769,28,Male,United Kingdom,No,No,No,Never,26-100,No,Yes,Don't know,Not sure,No,No,Don't know,Somewhat easy,No,No,Some of them,Yes,Maybe,Yes,Don't know,No
770,39,male,United Kingdom,No,No,Yes,Sometimes,500-1000,No,No,Don't know,No,No,No,Don't know,Don't know,Maybe,Maybe,Some of them,Some of them,No,No,Don't know,No
772,32,Male,United Kingdom,No,No,No,,More than 1000,No,No,Don't know,Not sure,No,Don't know,Don't know,Don't know,Maybe,No,Some of them,Some of them,No,Yes,Don't know,No
773,28,Male,United Kingdom,No,No,No,,More than 1000,No,No,Don't know,Not sure,No,Don't know,Don't know,Don't know,No,No,Some of them,Some of them,Yes,Yes,No,No
774,37,Male,United Kingdom,No,Yes,Yes,Rarely,6-25,No,Yes,No,No,No,No,Yes,Somewhat easy,Yes,No,Some of them,Yes,No,Maybe,No,Yes
775,39,Male,Canada,No,No,Yes,Sometimes,100-500,No,No,Yes,Yes,Yes,Yes,Yes,Very easy,Yes,No,Some of them,Yes,No,Maybe,No,Yes
777,32,Neuter,United Kingdom,No,No,Yes,Sometimes,More than 1000,No,No,Don't know,No,Yes,Yes,Don't know,Don't know,No,No,Yes,Some of them,Yes,Yes,Yes,Yes
779,31,Female,United Kingdom,No,No,No,,6-25,No,Yes,Don't know,No,No,No,Don't know,Don't know,No,No,Yes,Yes,Maybe,Maybe,Don't know,No
780,43,Male,United Kingdom,No,No,Yes,Never,26-100,No,Yes,Don't know,No,No,Don't know,Don't know,Don't know,No,No,Yes,Yes,Yes,Yes,Don't know,No
782,34,male,United Kingdom,No,Yes,Yes,Sometimes,More than 1000,No,Yes,Don't know,Not sure,Don't know,Don't know,Yes,Very easy,No,No,Some of them,Yes,No,Maybe,Yes,No
786,32,Male,United Kingdom,Yes,Yes,No,,1-5,No,Yes,No,Yes,No,No,Yes,Somewhat easy,No,No,No,Yes,No,Maybe,No,No
788,37,Male,Netherlands,No,No,No,,100-500,Yes,No,Don't know,No,Don't know,Don't know,Don't know,Somewhat easy,Maybe,No,Yes,Yes,No,No,Don't know,No
789,39,m,Switzerland,No,No,Yes,Never,More than 1000,No,Yes,Yes,Yes,Yes,Yes,Yes,Somewhat easy,No,No,Some of them,Some of them,No,Maybe,Yes,No
790,29,M,United Kingdom,No,No,No,Rarely,100-500,No,Yes,Don't know,Not sure,No,No,Don't know,Somewhat easy,No,No,Some of them,Yes,No,Maybe,Don't know,Yes
797,28,Male,Brazil,No,No,No,,26-100,No,Yes,Don't know,No,No,No,Don't know,Don't know,Maybe,No,Some of them,Yes,Maybe,Yes,No,Yes
798,27,Male,Switzerland,No,Yes,No,,26-100,No,Yes,No,No,No,No,Don't know,Don't know,Maybe,No,Some of them,Yes,No,Yes,No,No
804,32,M,United Kingdom,No,No,No,,26-100,No,Yes,Don't know,Not sure,No,Don't know,Don't know,Somewhat easy,Maybe,Maybe,Some of them,Some of them,Maybe,Maybe,Don't know,No
810,29,Male,United Kingdom,No,No,No,Never,6-25,No,Yes,Don't know,No,No,No,Don't know,Don't know,Maybe,No,Some of them,No,No,Maybe,Don't know,No
811,29,m,United Kingdom,No,No,Yes,Sometimes,100-500,No,Yes,No,No,No,No,Don't know,Somewhat difficult,No,No,Some of them,Some of them,No,Maybe,No,No
814,36,F,United Kingdom,Yes,No,No,Sometimes,1-5,Yes,Yes,Don't know,Not sure,Don't know,Don't know,Don't know,Don't know,Maybe,No,Some of them,No,No,No,Don't know,No
818,26,queer,Germany,Yes,No,Yes,Sometimes,6-25,Yes,Yes,No,Not sure,Yes,Yes,Yes,Very easy,No,No,Some of them,Some of them,Maybe,Maybe,Yes,No
819,35,Male,Denmark,Yes,Yes,Yes,Often,1-5,No,Yes,No,Yes,Yes,No,Don't know,Somewhat easy,No,No,Some of them,Some of them,Maybe,Yes,Yes,No
821,35,Male,Denmark,Yes,Yes,Yes,Often,1-5,No,Yes,No,Yes,Yes,No,Don't know,Somewhat easy,No,No,Some of them,Some of them,Maybe,Yes,Yes,No
828,29,female,United Kingdom,No,No,Yes,Rarely,6-25,No,Yes,Don't know,No,No,No,Don't know,Don't know,Maybe,No,Some of them,No,No,Maybe,Don't know,No
832,29,Male,Sweden,No,No,Yes,Rarely,6-25,No,Yes,No,Yes,No,No,Yes,Very easy,No,No,Some of them,Yes,No,No,Yes,No
835,44,Male,United Kingdom,No,Yes,Yes,Sometimes,500-1000,No,No,Don't know,No,No,No,Don't know,Somewhat difficult,Maybe,No,Some of them,Yes,No,Maybe,No,Yes
838,43,m,United Kingdom,No,Yes,No,,More than 1000,No,No,Don't know,No,No,No,Don't know,Very easy,Maybe,No,Some of them,Yes,No,Maybe,Don't know,No
841,36,male,United Kingdom,Yes,No,No,Sometimes,6-25,Yes,Yes,No,No,No,No,Don't know,Somewhat difficult,No,No,Yes,Yes,No,Maybe,Don't know,Yes
845,37,Male,Italy,No,No,No,Sometimes,26-100,No,Yes,Don't know,Not sure,Don't know,Don't know,Don't know,Don't know,Yes,Yes,Some of them,No,No,No,No,No
847,36,Male,Netherlands,Yes,No,Yes,Sometimes,1-5,No,Yes,No,No,No,No,Don't know,Very easy,No,No,Yes,No,No,No,Yes,No
852,21,Male,United Kingdom,No,Yes,No,Never,6-25,No,No,No,No,No,No,Yes,Somewhat easy,Maybe,No,Some of them,Some of them,No,Maybe,Don't know,No
853,26,Male,Canada,No,No,No,Sometimes,6-25,Yes,Yes,No,No,No,No,Don't know,Very difficult,Yes,Maybe,Some of them,Some of them,No,Maybe,Don't know,No
859,32,male,United Kingdom,No,Yes,Yes,Rarely,6-25,No,No,No,No,No,No,No,Don't know,Yes,Maybe,Some of them,No,No,No,No,No
860,32,male,United Kingdom,No,Yes,Yes,Rarely,6-25,No,No,No,No,No,No,No,Don't know,Yes,Maybe,Some of them,No,No,No,No,No
861,26,Male,United Kingdom,Yes,No,Yes,Rarely,1-5,Yes,Yes,No,Not sure,Don't know,Don't know,Don't know,Somewhat difficult,No,No,Yes,Yes,Maybe,Maybe,Yes,No
865,34,male,United Kingdom,No,No,No,,6-25,Yes,Yes,No,No,No,No,No,Somewhat difficult,Yes,Maybe,No,No,No,Yes,No,Yes
868,32,male,Germany,Yes,No,No,Sometimes,1-5,Yes,Yes,No,Yes,No,No,Yes,Somewhat easy,No,No,Some of them,Some of them,Maybe,Maybe,No,No
869,43,Male,Mexico,Yes,No,No,,More than 1000,Yes,Yes,Don't know,No,No,Don't know,Don't know,Don't know,No,No,Some of them,Yes,No,Maybe,Don't know,No
871,32,Female,United Kingdom,No,Yes,Yes,Sometimes,100-500,No,Yes,Don't know,No,No,No,Don't know,Somewhat difficult,Maybe,No,Some of them,Some of them,No,Yes,Don't know,Yes
872,41,male,United Kingdom,No,No,No,,26-100,No,No,Yes,Yes,Yes,Yes,Yes,Don't know,Maybe,Maybe,Some of them,Some of them,No,Yes,No,Yes
878,23,Female,United Kingdom,No,Yes,No,Never,More than 1000,No,No,No,No,No,Yes,Don't know,Somewhat easy,Yes,Maybe,No,No,No,Maybe,Don't know,No
886,31,Male,United Kingdom,No,No,Yes,Rarely,6-25,No,Yes,Don't know,Not sure,No,No,Don't know,Don't know,No,No,Some of them,Yes,No,No,Don't know,No
887,38,m,United Kingdom,No,Yes,No,,500-1000,No,No,Yes,Yes,Yes,Yes,Don't know,Somewhat easy,No,No,Some of them,Yes,No,Maybe,No,No
888,26,Male,India,Yes,No,No,,100-500,No,Yes,No,No,No,No,Yes,Very easy,No,No,Some of them,Yes,No,No,Yes,No
897,34,male,Germany,Yes,No,Yes,Sometimes,1-5,Yes,Yes,No,Not sure,No,No,Yes,Somewhat difficult,Maybe,Maybe,Some of them,Some of them,No,No,Don't know,No
901,43,Male,United Kingdom,No,Yes,Yes,Rarely,26-100,No,Yes,No,No,No,No,Don't know,Very difficult,Yes,Yes,Some of them,No,No,No,No,Yes
903,24,Male,United Kingdom,Yes,No,No,,1-5,Yes,Yes,No,Yes,No,No,Yes,Very easy,No,No,No,No,No,Maybe,Yes,No
910,48,male,Australia,No,No,Yes,Sometimes,6-25,No,Yes,No,No,No,No,Don't know,Somewhat easy,Yes,No,Some of them,No,No,Maybe,No,Yes
912,24,Female,United Kingdom,No,Yes,Yes,Often,6-25,Yes,Yes,No,No,No,No,Don't know,Very easy,No,No,Yes,Yes,No,No,Don't know,No
914,25,Female,Canada,No,Yes,Yes,Sometimes,6-25,No,Yes,Yes,Yes,No,No,Yes,Somewhat easy,No,No,Some of them,Yes,No,No,Don't know,No
915,30,Male,United Kingdom,No,No,Yes,Sometimes,26-100,No,Yes,No,No,No,No,Don't know,Somewhat difficult,Yes,Maybe,Some of them,No,No,Maybe,No,No
917,34,male,United Kingdom,Yes,No,Yes,Sometimes,1-5,Yes,Yes,No,No,No,No,Yes,Somewhat difficult,No,No,Some of them,Some of them,No,No,Yes,No
923,42,male,New Zealand,No,No,Yes,Sometimes,More than 1000,No,No,No,Yes,Don't know,No,Yes,Somewhat difficult,Yes,Maybe,Some of them,Some of them,No,Yes,No,Yes
935,38,Male,United Kingdom,Yes,Yes,Yes,Rarely,1-5,Yes,No,No,No,No,No,Yes,Very difficult,Maybe,No,No,No,No,No,No,No
937,33,Male,Netherlands,No,Yes,Yes,,6-25,No,Yes,Don't know,No,No,Don't know,Don't know,Don't know,No,No,Yes,Yes,Maybe,Maybe,Yes,Yes
950,34,Male,Netherlands,No,No,Yes,Rarely,26-100,No,Yes,No,Yes,No,No,Yes,Very easy,No,No,Yes,Yes,Maybe,Maybe,Yes,No
951,24,Male,United Kingdom,No,Yes,Yes,Often,26-100,No,No,Don't know,Yes,No,No,No,Somewhat easy,Yes,Maybe,Some of them,Yes,No,Maybe,No,Yes
952,61,male,South Africa,Yes,No,Yes,Sometimes,1-5,Yes,Yes,No,No,No,No,Don't know,Very difficult,Yes,Maybe,Some of them,Yes,No,Maybe,No,Yes
955,33,male,Germany,No,Yes,Yes,Often,26-100,No,Yes,Don't know,Not sure,Yes,No,Yes,Somewhat easy,No,No,Some of them,Yes,Yes,Yes,Yes,No
957,34,male,Netherlands,Yes,Yes,Yes,Rarely,1-5,Yes,Yes,Yes,Yes,Yes,Yes,Yes,Very easy,No,No,Yes,Some of them,No,Maybe,Yes,No
959,33,M,United Kingdom,No,No,No,,More than 1000,No,Yes,Don't know,Not sure,Don't know,Don't know,Don't know,Don't know,No,No,Some of them,Yes,Maybe,Maybe,Don't know,No
960,32,Male,United Kingdom,No,No,No,,6-25,No,Yes,Don't know,No,No,No,Don't know,Very easy,No,No,No,Yes,No,Maybe,No,No
961,25,male,Germany,Yes,No,No,Sometimes,6-25,Yes,Yes,No,Yes,No,No,Yes,Somewhat easy,No,No,Some of them,Yes,Yes,Yes,Yes,No
962,35,male,Germany,Yes,No,Yes,Sometimes,26-100,Yes,No,Don't know,No,No,No,Don't know,Somewhat difficult,Yes,Maybe,Yes,No,No,Maybe,Don't know,No
963,24,M,United Kingdom,Yes,Yes,No,Often,1-5,Yes,Yes,Don't know,Not sure,No,No,Don't know,Don't know,Maybe,No,Some of them,Some of them,No,Maybe,Don't know,No
964,55,male,United Kingdom,No,No,Yes,Often,More than 1000,No,No,Yes,Yes,Yes,Yes,Don't know,Somewhat easy,Yes,Maybe,No,Some of them,No,Maybe,No,Yes
965,33,Male,United Kingdom,Yes,Yes,Yes,Sometimes,1-5,Yes,Yes,No,Yes,No,No,No,Very difficult,Yes,Maybe,Some of them,Some of them,No,Maybe,No,Yes
966,26,Female,United Kingdom,Yes,Yes,Yes,Sometimes,1-5,Yes,Yes,No,No,No,No,Don't know,Very easy,Maybe,No,Some of them,Yes,No,Maybe,Yes,No
967,25,Male,United Kingdom,No,No,No,Never,6-25,Yes,Yes,Don't know,Not sure,Don't know,Don't know,Don't know,Very easy,No,No,Yes,Yes,No,No,Don't know,No
968,45,Male,United Kingdom,No,Yes,No,Rarely,100-500,No,No,Don't know,No,No,No,Don't know,Don't know,Maybe,No,Some of them,No,No,Maybe,Don't know,No
969,33,female,United Kingdom,Yes,No,Yes,Sometimes,1-5,Yes,Yes,No,Yes,Yes,Yes,Yes,Very easy,No,No,Some of them,Yes,No,No,Don't know,No
971,30,Male,United Kingdom,Yes,No,Yes,Sometimes,6-25,No,Yes,No,Yes,No,No,No,Very difficult,Yes,Yes,No,No,No,No,Yes,Yes
974,29,Male,Germany,No,No,No,,6-25,No,Yes,Don't know,Not sure,No,No,Don't know,Somewhat easy,No,No,Some of them,Yes,Maybe,Yes,Don't know,No
975,26,male,Germany,No,No,No,,500-1000,No,Yes,Don't know,No,Don't know,Don't know,Don't know,Don't know,No,No,Some of them,Some of them,Maybe,Maybe,Don't know,No
977,27,Male,France,No,Yes,No,,500-1000,No,No,Yes,Yes,Don't know,No,Yes,Somewhat easy,Maybe,Maybe,No,Some of them,No,Maybe,Don't know,Yes
978,26,male,Belgium,No,No,No,Never,6-25,No,Yes,Yes,No,No,No,No,Somewhat easy,Maybe,No,No,No,No,No,Don't know,No
979,28,Male,United Kingdom,No,Yes,Yes,Often,26-100,No,Yes,No,No,No,No,Don't know,Somewhat easy,Maybe,Maybe,Yes,Yes,No,No,No,No
981,37,Female,Canada,Yes,Yes,Yes,Rarely,1-5,Yes,Yes,No,Yes,No,No,Yes,Somewhat easy,Yes,Maybe,Some of them,Some of them,Maybe,Maybe,Don't know,Yes
982,34,female,United Kingdom,No,Yes,Yes,Often,26-100,Yes,No,Yes,Yes,No,Yes,No,Somewhat easy,Yes,Yes,Some of them,No,No,No,Don't know,No
984,27,Male,Canada,No,No,No,Never,26-100,No,Yes,Yes,Not sure,Yes,No,Yes,Very easy,No,No,Yes,Yes,Maybe,Maybe,Yes,No
985,29,Male,United Kingdom,No,No,Yes,Sometimes,6-25,Yes,Yes,No,No,No,No,Don't know,Very easy,No,No,Yes,Yes,No,Yes,Yes,No
986,39,Female,United Kingdom,No,Yes,No,Rarely,500-1000,Yes,Yes,Don't know,Not sure,No,No,Don't know,Somewhat difficult,Yes,Yes,No,No,No,No,No,Yes
987,28,male,United Kingdom,No,No,No,Often,6-25,No,Yes,No,No,No,No,No,Somewhat difficult,Yes,No,No,No,No,Yes,Yes,No
989,8,A little about you,"Bahamas, The",Yes,Yes,Yes,Often,1-5,Yes,Yes,Yes,Yes,Yes,Yes,Yes,Very easy,Yes,Yes,Yes,Yes,Yes,Yes,Yes,Yes
990,38,Male,United Kingdom,No,No,No,,1-5,Yes,Yes,No,No,No,No,Yes,Somewhat easy,No,No,Some of them,Yes,No,No,Don't know,No
991,19,Male,United Kingdom,No,No,No,,6-25,No,Yes,Yes,No,No,Yes,Don't know,Very easy,No,No,Yes,Yes,No,No,Yes,No
993,28,male,United Kingdom,Yes,No,No,,1-5,Yes,Yes,No,Yes,No,No,Yes,Very easy,Maybe,Maybe,No,No,No,No,Yes,No
994,20,Male,India,No,No,Yes,Sometimes,26-100,No,Yes,Don't know,No,No,No,Don't know,Don't know,Yes,No,No,No,No,Maybe,Yes,No
995,35,Male,United Kingdom,Yes,No,No,Sometimes,1-5,No,Yes,Don't know,Not sure,No,Don't know,Don't know,Somewhat easy,No,No,Some of them,Yes,No,No,Don't know,No
998,32,Male,United Kingdom,No,No,No,Rarely,500-1000,No,Yes,No,No,No,No,Don't know,Don't know,Yes,No,No,No,No,No,Don't know,No
999,27,Male,Sweden,No,No,No,,6-25,No,Yes,No,No,No,No,Don't know,Don't know,No,No,No,No,No,No,Don't know,No
1004,35,Male,United Kingdom,No,Yes,Yes,Sometimes,1-5,No,Yes,No,Yes,No,No,Yes,Very easy,Yes,Yes,Some of them,Some of them,No,Maybe,Yes,Yes
1005,34,Male,United Kingdom,No,No,No,Never,500-1000,No,Yes,Don't know,No,No,Don't know,Don't know,Very easy,Maybe,No,Yes,Yes,No,No,Yes,No
1015,23,Male,Israel,No,No,No,,100-500,No,Yes,Don't know,Not sure,No,No,Yes,Very easy,Maybe,No,Some of them,Yes,Maybe,Yes,Don't know,No
1020,19,M,Canada,No,No,No,Never,26-100,Yes,Yes,Don't know,No,No,No,Don't know,Somewhat easy,No,No,Some of them,Some of them,No,Maybe,No,No
1023,32,Male,United Kingdom,No,No,No,,6-25,No,Yes,No,No,No,No,Don't know,Don't know,Maybe,Maybe,No,No,No,Maybe,Don't know,No
1035,35,Male,Canada,No,Yes,No,Sometimes,6-25,Yes,Yes,No,Yes,No,No,Don't know,Don't know,Maybe,No,No,Some of them,No,No,Don't know,No
1036,26,male,Australia,No,Yes,Yes,Sometimes,26-100,Yes,Yes,No,No,No,No,Yes,Don't know,No,No,Yes,Yes,No,Maybe,Yes,No
1044,29,f,United Kingdom,No,No,Yes,Often,More than 1000,No,No,Yes,Yes,No,No,Don't know,Don't know,Maybe,No,Some of them,No,No,Yes,No,Yes
1045,26,Female,Canada,No,Yes,Yes,Sometimes,100-500,No,Yes,Yes,Not sure,No,No,Yes,Don't know,Maybe,No,Some of them,No,No,Maybe,Don't know,No
1046,33,Malr,Italy,No,Yes,Yes,Sometimes,6-25,No,Yes,No,Not sure,No,No,Don't know,Somewhat easy,No,No,Some of them,Yes,No,No,Don't know,No
1047,28,Male,Brazil,No,Yes,No,Sometimes,100-500,No,Yes,No,No,No,No,Don't know,Somewhat easy,No,No,Some of them,Some of them,No,No,Don't know,Yes
1049,39,Male,United Kingdom,Yes,Yes,Yes,Sometimes,1-5,Yes,Yes,No,Yes,Yes,Yes,Yes,Somewhat difficult,No,No,Yes,Yes,No,Maybe,Yes,Yes
1052,35,Male,Switzerland,No,Yes,Yes,Often,More than 1000,No,Yes,Don't know,Not sure,No,No,Yes,Very easy,No,No,Some of them,Some of them,No,Maybe,No,No
1058,31,Male ,Canada,No,Yes,Yes,Often,More than 1000,No,Yes,Yes,Not sure,Don't know,Don't know,Don't know,Don't know,Maybe,No,Some of them,No,No,Maybe,Don't know,No
1064,24,male,Germany,No,Yes,Yes,Sometimes,6-25,No,Yes,No,No,No,No,Don't know,Somewhat easy,Maybe,No,Yes,Yes,No,No,Don't know,No
1065,25,Male,South Africa,No,Yes,Yes,Often,6-25,No,No,Don't know,No,No,No,Yes,Don't know,No,No,Some of them,Yes,No,Maybe,No,Yes
1069,34,Male,Greece,No,No,No,,26-100,Yes,Yes,No,No,No,No,Don't know,Very difficult,Yes,Maybe,Some of them,No,No,Maybe,No,No
1079,32,male,Netherlands,Yes,No,Yes,Sometimes,1-5,No,Yes,No,No,No,No,Yes,Very difficult,Maybe,No,Some of them,Yes,No,Maybe,No,No
1081,29,Male,Netherlands,No,Yes,Yes,Often,1-5,No,Yes,Don't know,Not sure,Don't know,Yes,Don't know,Very difficult,No,Maybe,Yes,Yes,Maybe,No,Yes,No
1083,34,female,Canada,No,Yes,Yes,Often,26-100,No,No,Don't know,No,Yes,Don't know,Don't know,Somewhat easy,No,No,Some of them,Some of them,No,No,Yes,No
1084,32,male,United Kingdom,No,Yes,Yes,Sometimes,1-5,No,No,Yes,Yes,Yes,Yes,Yes,Somewhat easy,Maybe,Maybe,Some of them,Some of them,No,Maybe,No,No
1085,37,male,Germany,No,No,No,,6-25,No,Yes,Don't know,No,No,No,Yes,Very easy,No,No,Yes,Yes,Maybe,Maybe,Yes,No
1086,41,male,Germany,No,No,Yes,Sometimes,More than 1000,No,Yes,Don't know,No,No,No,Don't know,Somewhat difficult,No,No,Yes,Yes,No,No,Yes,No
1102,33,Female,Canada,Yes,Yes,Yes,Often,1-5,Yes,Yes,No,Yes,No,No,No,Very difficult,Yes,Yes,No,No,No,Maybe,No,Yes
1106,50,male,France,Yes,No,Yes,Sometimes,26-100,Yes,Yes,No,No,No,No,Don't know,Don't know,Maybe,Maybe,Some of them,Yes,No,No,Don't know,No
1107,26,male,Australia,No,Yes,Yes,Rarely,26-100,No,Yes,No,No,Don't know,Don't know,Don't know,Very easy,No,No,Yes,Yes,Maybe,Yes,Yes,No
1109,30,Male,India,No,No,No,Often,6-25,No,Yes,No,No,No,No,No,Very easy,Maybe,Maybe,Some of them,Some of them,Maybe,Maybe,Don't know,No
1110,33,male,Croatia,No,Yes,Yes,Sometimes,6-25,Yes,Yes,Yes,Yes,No,Don't know,Yes,Very easy,No,No,Some of them,Yes,Maybe,Maybe,Yes,No
1111,29,M,France,No,No,Yes,Often,6-25,No,Yes,Yes,No,No,No,Yes,Somewhat easy,Maybe,Maybe,Yes,Some of them,No,Yes,No,No
1112,37,male,Germany,No,No,No,,6-25,Yes,Yes,No,Not sure,No,No,Don't know,Don't know,Maybe,No,Some of them,No,Maybe,Yes,Don't know,No
1115,24,Male,Canada,No,No,No,Sometimes,26-100,No,Yes,Yes,Yes,No,No,Yes,Don't know,Maybe,No,No,No,No,Maybe,Don't know,Yes
1116,40,Male,United Kingdom,No,No,Yes,Never,100-500,No,Yes,Don't know,Not sure,No,Don't know,Don't know,Very easy,Maybe,No,Yes,Some of them,No,Maybe,Don't know,No
1120,32,Male,United Kingdom,Yes,No,Yes,Rarely,1-5,No,Yes,No,Yes,Yes,Yes,Yes,Very easy,No,No,Some of them,Yes,No,Yes,No,Yes
1121,44,Male,United Kingdom,No,No,Yes,Sometimes,More than 1000,No,No,No,No,No,Yes,Don't know,Don't know,Maybe,No,Some of them,Some of them,No,No,No,No
1122,33,Female,United Kingdom,No,No,Yes,Never,100-500,No,Yes,Don't know,Not sure,No,Don't know,Don't know,Very easy,Maybe,No,Some of them,Some of them,No,Maybe,No,No
1125,26,Male,Germany,Yes,Yes,Yes,Often,1-5,No,Yes,No,No,No,No,Don't know,Don't know,Maybe,No,Yes,Yes,Maybe,Yes,No,Yes
1128,37,Male,Netherlands,No,Yes,No,Sometimes,6-25,No,Yes,No,No,No,No,Yes,Somewhat easy,Maybe,No,Some of them,Yes,No,Maybe,Yes,No
1131,32,male,United Kingdom,No,No,No,,26-100,No,Yes,No,No,No,No,Don't know,Don't know,Maybe,No,No,No,No,No,Don't know,Yes
1133,27,M,New Zealand,No,No,No,Rarely,26-100,No,Yes,No,Yes,No,Yes,No,Somewhat difficult,Yes,No,No,No,No,Maybe,No,Yes
1134,27,M,New Zealand,No,No,No,Rarely,26-100,No,Yes,No,Yes,No,Yes,No,Somewhat difficult,Yes,No,No,No,No,Maybe,No,Yes
1135,27,Male,United Kingdom,No,No,Yes,Sometimes,More than 1000,No,No,No,No,No,No,Yes,Somewhat easy,Maybe,No,Yes,Yes,Maybe,Maybe,No,No
1136,25,Male,United Kingdom,No,Yes,Yes,Sometimes,26-100,Yes,Yes,No,No,No,No,Yes,Very easy,No,No,Some of them,Yes,No,Maybe,Yes,No
1137,41,M,United Kingdom,No,Yes,No,,6-25,No,Yes,No,No,No,No,Don't know,Somewhat difficult,Maybe,Maybe,Some of them,Some of them,Maybe,Maybe,Don't know,No
1138,23,Male,Germany,No,Yes,Yes,Sometimes,6-25,No,Yes,Don't know,Not sure,No,No,Don't know,Somewhat easy,Maybe,No,No,No,No,No,Don't know,No
1139,21,Male,United Kingdom,No,No,Yes,Sometimes,More than 1000,No,No,Don't know,No,No,Don't know,Don't know,Don't know,Maybe,No,Some of them,No,No,No,Don't know,No
1140,26,Male,Moldova,No,No,Yes,Often,26-100,No,Yes,No,Yes,No,No,Yes,Very difficult,No,No,Yes,Yes,Yes,Yes,Don't know,No
1141,29,Male,Sweden,No,No,No,Rarely,More than 1000,No,Yes,Don't know,Not sure,Don't know,Don't know,Don't know,Don't know,Maybe,Maybe,No,No,No,Yes,Don't know,Yes
1142,28,male,Belgium,No,No,No,Sometimes,More than 1000,No,No,No,No,No,No,Don't know,Somewhat easy,Yes,Maybe,No,No,No,No,Don't know,Yes
1143,27,female,United Kingdom,No,Yes,No,,More than 1000,No,No,No,Yes,No,No,Yes,Don't know,Maybe,No,No,No,No,Yes,Yes,No
1144,23,Male,Israel,No,No,No,Never,More than 1000,No,No,No,Yes,Yes,Yes,Yes,Somewhat difficult,No,No,Yes,Yes,No,Yes,Yes,No
1146,38,Male,United Kingdom,No,Yes,Yes,Sometimes,1-5,No,Yes,No,Not sure,Don't know,Don't know,Don't know,Very easy,No,No,Some of them,Yes,Maybe,Yes,Don't know,No
1147,39,M,United Kingdom,No,Yes,Yes,Sometimes,More than 1000,No,No,No,No,No,No,Yes,Very easy,Maybe,Maybe,Some of them,Yes,Maybe,Maybe,Yes,No
1151,26,Male,United Kingdom,No,No,No,Never,6-25,No,Yes,No,No,No,No,Don't know,Don't know,Yes,Maybe,Some of them,No,No,Maybe,Don't know,No
1152,38,Male,Canada,No,Yes,Yes,Rarely,100-500,No,Yes,Don't know,Not sure,No,Don't know,Don't know,Don't know,No,No,Yes,Yes,No,Maybe,No,No
1153,34,Female,United Kingdom,No,Yes,No,Rarely,26-100,No,No,Yes,Yes,Yes,Yes,Yes,Very easy,No,No,Some of them,Yes,Maybe,Maybe,Yes,No
1155,32,male,Canada,Yes,No,No,Never,6-25,Yes,Yes,Don't know,Not sure,No,No,Don't know,Very easy,No,No,Yes,Yes,Maybe,Maybe,Yes,No
1156,37,Male,Netherlands,Yes,No,No,Never,1-5,Yes,Yes,Don't know,Not sure,Don't know,Don't know,Don't know,Very easy,Yes,Yes,Some of them,Some of them,No,No,Don't know,No
1157,31,male,United Kingdom,No,Yes,Yes,Never,6-25,No,Yes,Don't know,Not sure,No,Don't know,Don't know,Somewhat easy,No,No,Some of them,Some of them,No,No,Don't know,No
1159,51,M,Singapore,No,No,No,Never,More than 1000,Yes,Yes,Don't know,No,No,Don't know,Don't know,Don't know,Yes,No,No,No,No,No,No,No
1161,31,Male,United Kingdom,No,No,No,Never,100-500,No,Yes,Yes,No,No,Yes,Don't know,Don't know,Maybe,Yes,Some of them,No,No,No,Yes,No
1162,31,Male,India,No,No,No,,26-100,No,Yes,Don't know,Not sure,No,No,Don't know,Don't know,Yes,Yes,No,No,No,No,Don't know,No
1167,34,male,Poland,No,No,No,Never,More than 1000,Yes,Yes,Don't know,Not sure,No,No,Don't know,Don't know,Maybe,No,Some of them,Some of them,No,Yes,Don't know,No
1168,26,Male,Colombia,No,No,No,Often,6-25,No,Yes,No,No,No,No,No,Very difficult,Yes,No,No,No,No,Maybe,Yes,No
1173,23,Male,United Kingdom,No,No,Yes,Sometimes,1-5,No,Yes,No,No,No,No,Don't know,Very difficult,Maybe,No,Yes,Yes,Yes,Yes,No,Yes
1174,20,Male,Georgia,No,No,No,Rarely,26-100,No,No,No,No,No,No,Don't know,Very difficult,Yes,Yes,Some of them,No,No,Maybe,No,No
1178,40,m,China,Yes,No,No,Sometimes,1-5,Yes,Yes,No,Yes,No,No,Don't know,Somewhat easy,No,No,Some of them,Some of them,Maybe,Maybe,Don't know,No
1179,25,female,Bulgaria,No,No,Yes,Sometimes,26-100,Yes,Yes,No,No,No,No,Don't know,Don't know,Maybe,Maybe,Yes,Some of them,Maybe,No,No,No
1188,31,Female,Belgium,No,No,No,,26-100,No,Yes,Don't know,Not sure,No,No,Yes,Very easy,Maybe,No,Some of them,Some of them,No,No,Don't know,No
1191,34,Male,Canada,No,Yes,No,Sometimes,More than 1000,No,Yes,Yes,Not sure,Yes,Yes,Yes,Don't know,Maybe,No,No,No,No,Maybe,Don't know,No
1192,37,Male,United Kingdom,No,No,No,Never,26-100,Yes,Yes,Don't know,No,No,No,Don't know,Somewhat easy,No,No,Some of them,Yes,No,Yes,Don't know,No
1193,38,male,Italy,No,No,No,Never,26-100,No,Yes,Don't know,Not sure,Don't know,Don't know,Yes,Don't know,No,No,Some of them,Yes,Yes,Maybe,No,No
1194,27,male,Germany,No,No,No,,26-100,No,Yes,Don't know,Not sure,No,No,Don't know,Don't know,No,No,Some of them,Yes,Yes,Yes,Don't know,No
1195,34,female,Ireland,No,No,Yes,Sometimes,500-1000,No,No,Yes,Yes,Yes,No,Yes,Don't know,Yes,Yes,Some of them,Some of them,No,No,Yes,No
1196,35,Female,Ireland,No,No,No,Rarely,1-5,No,Yes,Don't know,No,No,No,No,Don't know,Maybe,No,Some of them,No,No,Maybe,No,No
1197,34,male,Ireland,No,No,Yes,Often,6-25,No,Yes,No,No,No,No,Don't know,Somewhat difficult,Yes,Maybe,Some of them,Yes,No,Maybe,No,No
1199,25,male,Ireland,No,No,No,,100-500,No,Yes,Don't know,Not sure,No,Don't know,Don't know,Don't know,Maybe,No,Some of them,Yes,No,No,Don't know,No
1200,28,Male,Australia,No,No,Yes,Often,100-500,Yes,Yes,No,Yes,No,No,Don't know,Don't know,Yes,No,No,No,No,Maybe,No,No
1202,31,Male,Brazil,Yes,No,Yes,,1-5,No,Yes,No,Yes,No,No,No,Don't know,No,No,Yes,Yes,No,Maybe,Don't know,No
1203,24,Male,United Kingdom,No,No,No,,100-500,No,Yes,Don't know,Not sure,No,No,Don't know,Somewhat easy,Maybe,Maybe,Some of them,Yes,No,Maybe,Don't know,No
1204,34,Male,Ireland,No,Yes,Yes,Never,1-5,Yes,Yes,No,No,No,No,Don't know,Don't know,Maybe,No,Some of them,Yes,No,No,Don't know,No
1205,32,male,Ireland,No,No,Yes,Sometimes,6-25,No,Yes,No,No,No,No,Don't know,Somewhat easy,No,No,Some of them,Yes,No,Maybe,Don't know,No
1206,34,Male,United Kingdom,No,Yes,No,Often,26-100,Yes,No,Don't know,Not sure,No,No,Don't know,Somewhat easy,Maybe,No,Some of them,Yes,Maybe,Yes,Yes,No
1208,33,Male,Czech Republic,No,Yes,No,Often,100-500,No,Yes,No,Yes,No,No,Don't know,Somewhat easy,No,No,Some of them,Yes,Maybe,Maybe,Don't know,Yes
1209,29,male,Singapore,No,Yes,Yes,Sometimes,26-100,No,Yes,Don't know,Not sure,No,No,Don't know,Somewhat difficult,Maybe,No,No,No,No,Maybe,No,No
1210,24,male,Ireland,No,Yes,No,,1-5,No,Yes,No,No,No,No,Don't know,Don't know,Maybe,Maybe,No,No,No,No,Don't know,No
1211,45,male,Ireland,No,No,No,Never,More than 1000,Yes,Yes,Don't know,Not sure,No,No,Don't know,Don't know,Yes,No,Yes,Some of them,No,No,No,Yes
1212,34,Female,United Kingdom,No,No,Yes,Sometimes,More than 1000,No,No,No,Yes,No,Yes,Yes,Somewhat difficult,Maybe,Maybe,Some of them,Yes,No,Maybe,No,Yes
1213,31,Male,Philippines,No,No,No,Sometimes,More than 1000,No,Yes,Don't know,No,No,No,Don't know,Very difficult,Yes,Yes,Some of them,No,No,Maybe,No,Yes
1215,28,male,Netherlands,No,No,No,,6-25,No,Yes,No,Not sure,No,No,Don't know,Somewhat easy,Maybe,Maybe,Some of them,Some of them,No,No,Don't know,No
1216,27,Male,United Kingdom,No,No,No,Rarely,More than 1000,Yes,No,Don't know,Not sure,No,Yes,Don't know,Don't know,No,No,Some of them,Yes,No,No,Don't know,No
1217,42,male,Ireland,No,No,No,Never,26-100,No,Yes,No,Yes,No,No,No,Somewhat difficult,Yes,Yes,Some of them,Some of them,No,No,No,No
1218,28,male,Netherlands,No,No,No,,6-25,No,Yes,No,Not sure,No,No,Don't know,Somewhat easy,Maybe,Maybe,Some of them,Some of them,No,No,Don't know,No
1222,41,female,Netherlands,Yes,No,Yes,Rarely,1-5,Yes,Yes,Don't know,Yes,Don't know,Yes,No,Somewhat easy,No,No,Yes,Yes,Yes,Yes,Yes,No
1223,23,Male ,United Kingdom,No,No,No,Never,26-100,No,Yes,Don't know,No,No,No,Don't know,Somewhat easy,Maybe,No,Some of them,Some of them,No,Maybe,Yes,Yes
1224,24,male,Ireland,No,Yes,Yes,Sometimes,More than 1000,No,Yes,Yes,Yes,No,Yes,Don't know,Somewhat easy,Maybe,No,Some of them,No,No,Maybe,Yes,Yes
1225,23,female,Ireland,No,No,Yes,Rarely,26-100,No,Yes,No,Yes,Yes,No,Don't know,Don't know,No,No,Yes,Some of them,No,Maybe,Don't know,No
1226,39,Male,Netherlands,No,No,No,,More than 1000,No,No,Yes,Not sure,Yes,Don't know,Don't know,Somewhat easy,Maybe,Maybe,No,Some of them,No,No,Yes,No
1227,32,Female,Ireland,No,Yes,No,Never,More than 1000,No,Yes,Yes,Yes,Don't know,Yes,Yes,Don't know,Maybe,No,Some of them,Some of them,No,No,Don't know,No
1229,39,Male,Greece,No,No,No,,6-25,Yes,Yes,No,No,No,No,Yes,Don't know,Yes,No,No,No,No,No,Don't know,No
1230,23,Female,United Kingdom,No,Yes,Yes,Sometimes,6-25,No,Yes,No,Yes,No,Yes,Yes,Very easy,No,No,Yes,Yes,Maybe,Maybe,Yes,No
1231,24,Cis Man,United Kingdom,Yes,No,Yes,Sometimes,6-25,Yes,Yes,No,No,No,No,Don't know,Don't know,Maybe,Maybe,Some of them,Some of them,No,Maybe,Don't know,Yes
1232,25,Male,United Kingdom,No,Yes,Yes,Sometimes,More than 1000,No,No,Yes,Yes,Yes,Yes,Yes,Very easy,No,No,Yes,Yes,Yes,Yes,Yes,No
1233,23,Male,United Kingdom,No,No,Yes,Rarely,6-25,No,Yes,No,Yes,No,No,Don't know,Don't know,No,No,Yes,Yes,No,Maybe,Don't know,No
1234,24,"ostensibly male, unsure what that really means",United Kingdom,No,No,Yes,Sometimes,6-25,No,No,Don't know,No,No,Don't know,Don't know,Don't know,Yes,Maybe,No,No,No,Maybe,Don't know,No
1235,23,Male,Canada,No,No,Yes,Often,26-100,No,Yes,Yes,Yes,Yes,Don't know,Don't know,Don't know,Maybe,No,Yes,Some of them,No,No,Don't know,No
1237,28,male,Ireland,No,No,No,Sometimes,26-100,No,Yes,No,Yes,No,No,Yes,Don't know,Yes,Maybe,No,No,No,No,No,Yes
1239,30,male,Netherlands,No,No,No,Sometimes,500-1000,No,Yes,Don't know,No,No,No,Don't know,Don't know,Maybe,No,Yes,Yes,Maybe,Yes,Don't know,No
1240,31,male,Germany,No,Yes,Yes,Sometimes,100-500,No,Yes,Don't know,No,No,No,Yes,Somewhat easy,No,No,Some of them,No,No,No,Don't know,No
1241,31,Male,Poland,Yes,No,Yes,Often,6-25,Yes,Yes,No,No,No,No,Don't know,Somewhat easy,Maybe,No,Some of them,No,No,No,Don't know,No
1242,28,Male,Ireland,No,No,Yes,Rarely,26-100,No,Yes,Don't know,No,No,Don't know,Don't know,Don't know,Maybe,No,No,No,No,Maybe,Don't know,No
1244,32,female,United Kingdom,No,No,No,,More than 1000,No,No,No,No,No,Don't know,Don't know,Don't know,Maybe,No,Some of them,Yes,No,Yes,No,No
1245,22,Male,Australia,No,Yes,Yes,Often,100-500,No,No,Yes,Yes,Yes,Yes,Yes,Don't know,Maybe,Maybe,No,Yes,No,Maybe,Don't know,Yes
1247,36,male,Finland,No,No,Yes,Often,6-25,No,Yes,No,No,No,No,No,Very difficult,Yes,No,Some of them,No,No,Maybe,Don't know,Yes
1251,36,Male,South Africa,No,Yes,Yes,Often,100-500,No,No,No,Yes,No,No,Don't know,Somewhat easy,No,No,Some of them,Yes,No,Yes,Yes,No
1254,26,male,United Kingdom,No,No,Yes,,26-100,No,Yes,No,No,No,No,Don't know,Somewhat easy,No,No,Some of them,Some of them,No,No,Don't know,No
